sentence_id,sentence,sentiment_label,omissionRate,nFixations,meanPupilSize,GD,TRT,FFD,SFD,GPT
3,"Slow, silly and unintentionally hilarious.",1,-0.7882677530909094,4.12723694040341,1.310341192157929,1.8866129878083693,4.036505554891974,2.324642222962519,-2.976880622472729,3.495325148307089
18,"This version moves beyond the original's nostalgia for the communal film experiences of yesteryear to a deeper realization of cinema's inability to stand in for true, lived experience.",1,-0.3676352994395798,1.4315486644181623,0.0101353925750957,0.101068130624672,1.0364355049696,0.318668993761381,-1.9183343739793584,1.317094086400611
202,It never fails to engage us.,2,0.0052658119534437,0.5212479027150954,0.4044526125491302,-0.4430639749359464,0.8869482473682083,0.0671416993997374,-0.2045094176779737,1.2953223295100826
250,The original wasn't a good movie but this remake makes it look like a masterpiece!,0,-0.3467528372015698,-0.1261658661861668,1.4150693437872304,-0.918684052975664,-0.2016247382945415,-0.4940906000489812,0.1112350946634254,0.2181726936731704
274,"A lot of talent is wasted in this crass, low-wattage endeavor.",0,0.474443210287938,-0.7678851791701061,1.250668485398391,0.4126062524118462,-0.5595949982423429,0.8158442961850043,1.1939406878990406,-0.3178201592243462
63,An intriguing and entertaining introduction to Johnson.,2,0.0839140463563362,1.506735590033641,-0.9797629883262547,1.4150251629937716,1.5870386230141993,1.0119310008804554,-0.9911493019243492,1.1236776114969609
248,Bad and baffling from the get-go.,0,-0.5832399420268184,0.059860485470503,-0.4969784288252549,0.4707397426317705,0.4429074493592319,1.363030935917737,0.9775819670584898,0.5326320780888093
301,A strangely compelling and brilliantly acted psychological drama.,2,-1.3805703183871731,0.4733697228648491,1.7478675694564143,0.2425876946758339,0.2827499975697864,-0.5238979840751684,-1.609824383634808,-0.1857590740711667
108,"Just about the best straight-up, old-school horror film of the last 15 years.",2,0.1177098393888788,-0.4419102082172387,-0.9231647125224514,-0.9999107770334318,-0.4841967926449039,-0.9806102614063016,-0.1330595035670083,-0.226737739326709
90,Deserves high marks for political courage but barely gets by on its artistic merits.,1,-0.5913759662753938,-0.7197064275144014,-0.9763367992669624,-0.2753097978870643,-0.646550335492729,0.0592144864720033,0.7370026308167651,-0.8438077767059716
233,"In a strange way, Egoyan has done too much.",1,0.9053719429021196,-0.3384695028302797,-1.2477712120111528,0.4213143957068623,0.3269086791674028,1.7793965815641035,1.4506819417853036,0.4884706463369597
335,Visually sumptuous but intellectually stultifying.,1,-0.2870886593786854,1.61546501669234,0.9216458683416414,2.361150112418932,1.9362962012545968,0.7780925258426618,-1.4912158899636163,1.5252268742999622
118,"Some elements of it really blow the big one, but other parts are decent.",1,-0.3228871660724163,-0.2040139638001047,-0.9109145586434428,-0.5705392086307293,-0.0952045432401143,0.1431602969361894,0.1757652839876795,-0.0243210563210781
220,"Not the kind of film that will appeal to a mainstream American audience, but there is a certain charm about the film that makes it a suitable entry into the fest circuit.",2,1.0248213212209571,-0.7451048833901361,-1.1590262330180718,-0.8548261940667503,-0.8386383748801157,-0.7947134518738879,0.200592849411738,-1.0757289997057633
180,"It's badly acted, blandly directed, and could have been scripted by someone who just graduated from elementary school.",0,0.8027769888526562,-0.625132217470617,-1.1173922030425372,-1.093883103703642,-0.7101583760350775,-1.1784407745511252,0.4769085057353713,-0.9557163158874562
314,Adam Sandler's Eight Crazy Nights grows on you -- like a rash.,0,0.6697077922537401,-1.101665321200222,1.4425292009189077,-0.3887238828572348,-0.9484340699505324,-0.7951143824550597,1.1443526975537432,-1.3579181386907084
373,"Viewed as a comedy, a romance, a fairy tale, or a drama, there's nothing remotely triumphant about this motion picture.",1,0.874735603317832,0.1442462402137397,0.1832785133542185,0.0213997343938502,-0.0972427873425201,0.250857127372081,-0.313721614162707,-0.3102514902889682
380,A richly imagined and admirably mature work from a gifted director who definitely has something on his mind.,2,0.8215802448938071,-0.728239195263064,0.4286807931262197,-0.2857978446632915,-0.6454821603167844,-0.1686497239969084,0.7604229203271222,-0.5896884640075312
239,"Some movies can get by without being funny simply by structuring the scenes as if they were jokes: a setup, delivery and payoff.",1,0.4501530509371195,-0.0291550107616494,-1.7630962673076758,0.92972431858362,-0.0910942042218539,-0.1775891058457856,1.1911712065368292,-0.5214548875409629
75,"Since Lee is a sentimentalist, the film is more worshipful than your random E!",1,-0.7703684997440451,0.872102462468232,-1.1920288604138491,0.080869717579935,0.63072898148779,-0.1073748239943491,-1.003597536227859,0.5097450965628695
247,"At its worst, it implodes in a series of very bad special effects.",0,1.3813665286632868,0.4301164704727978,-1.075439062083663,0.1379850772260547,0.2509975793973336,-0.6578933327625289,-1.3109987035689874,0.2227793105880836
110,"I thought the relationships were wonderful, the comedy was funny, and the love `real'.",2,-0.0543983658694406,-0.7145191399040562,-0.9541831066348032,-0.6522623438297089,-0.8771554027254549,-0.7337695910003375,0.1413801614866559,-0.8148238316262411
16,"There's not much to Fatale, outside of its stylish surprises... but that's OK.",1,-0.5569543252237302,0.4449705351812996,0.2145126374343156,0.2613297886614245,0.370878211420816,-0.1716655900482122,-1.7357301506191618,0.5854431467609476
66,`How many more voyages can this limping but dearly-loved franchise survive?',1,-1.9397370758346948,1.147765591533105,-0.6387794992621253,0.3076346922424368,0.7667158716422482,-0.4345022436833493,-2.2474741619646745,0.4177200398676716
153,"For those who pride themselves on sophisticated, discerning taste, this might not seem like the proper cup of tea, however it is almost guaranteed that even the stuffiest cinema goers will laugh their 1*** off for an hour-and-a-half.",2,-0.4031511863436227,-0.439662367947597,-0.0889022771246869,-0.2005318789488505,-0.5391001498603867,-0.5908413834239735,0.0242764554658468,-0.4476150274562239
7,"Ryan Gosling is, in a word, brilliant as the conflicted Daniel.",2,-0.697144281506869,0.6933882844609965,0.8400342806773959,0.8203730120009148,0.5835783753646667,0.447288755743358,-1.2681800611520926,0.4436328648128209
19,"There's no palpable chemistry between Lopez and male lead Ralph Fiennes, plus the script by Working Girl scribe Kevin Wade is workmanlike in the extreme.",0,-0.8383856624621312,-0.2152810931265816,-0.1142987370877087,-0.2214618720099715,-0.2742844144811172,-0.094823780979133,0.1412538664357608,-0.3904283341883805
137,"If legendary shlockmeister Ed Wood had ever made a movie about a vampire, it probably would look a lot like this alarming production, adapted from Anne Rice's novel The Vampire Chronicles.",1,0.3353434408768165,-0.3884306702997909,-1.6629945939492723,-0.2066928375037696,-0.5140818428625448,-0.7160769987981295,0.1740789751683799,-0.6999586531350755
355,"As a remake, it's a pale imitation.",0,0.2791786283221367,-0.2414869891640928,1.634711951694466,0.0581740653587406,0.1494914281916467,1.358908453890825,1.2396388476882434,0.1549889210030416
349,"Peralta's mythmaking could have used some informed, adult hindsight.",1,-1.7906259405153555,1.494693326085888,2.037766224177453,-0.183197706083993,0.913910409745978,-1.3897005299202396,-2.5351064150372755,0.8078800059597501
131,Anemic chronicle of money grubbing New Yorkers and their serial loveless hook ups.,1,-1.231618489836338,0.8439068879432198,-1.2687330606600151,0.2184560663852243,0.8762521752589333,1.052624980998172,-0.5734980897306681,0.4866269012360285
387,"Every individual will see the movie through the prism of his or her own beliefs and prejudices, but the one thing most will take away is the sense that peace is possible.",2,1.4812762110491011,-1.0187539866620714,0.5024309907903027,-0.7204945458950285,-1.060271215607005,-0.5509016867857863,1.2383750743812645,-1.1642234163613898
292,"A breathtaking adventure for all ages, Spirit tells its poignant and uplifting story in a stunning fusion of music and images.",2,1.198549368411117,-0.599383730026774,0.8054145181004334,-0.3758519435824086,-0.647711511287607,-0.826529809593481,-0.0124556205580773,-1.0018384980783293
386,"This picture is murder by numbers, and as easy to be bored by as your ABC's, despite a few whopping shootouts.",0,2.166736253991549,-0.4922936503368081,1.160040119492744,-0.4283439914573356,-0.4865920147088627,0.2716188930677717,0.516784436388391,-0.2354493158062205
297,A solid piece of journalistic work that draws a picture of a man for whom political expedience became a deadly foreign policy.,1,1.7999893147865509,-0.4903127105966101,0.4037566172407156,-0.4558133931936797,-0.5541403221160152,-0.7960892980500975,0.5570784371654138,-0.1210839911671724
60,"Like a documentary version of Fight Club, shorn of social insight, intellectual pretension and cinematic interest.",1,-1.038857299947021,0.5348127903374016,-0.5100226183084084,0.8917654815837899,0.6990148163245938,1.560507338426916,-0.4046914903844644,0.328389441783785
79,This thing works on no level whatsoever for me.,0,-0.2035588104266493,1.0863035052490402,0.4725609389916495,0.0893716543492212,0.8917110065107986,-0.0348213992149452,-2.0212860339945213,0.9662963327317456
285,The way Coppola professes his love for movies -- both colorful pop junk and the classics that unequivocally qualify as art -- is giddily entertaining.,2,1.4308419007348792,-0.6640406695359656,0.2297469073318103,-0.8221710740047241,-0.754659272895023,-1.27748518416952,-0.2995414180844424,-0.851796672795823
305,"At its best when the guarded, resentful Betty and the manipulative yet needy Margot are front and center.",1,-0.4693356025467677,-0.2999664783016773,1.1405863308397182,-0.3123318185167447,-0.447127394085116,0.1506175729770192,0.0705280428535565,-0.734686213503787
281,Even more baffling is that it's funny.,1,0.1424934209460757,0.1823876979312315,1.370056308061266,0.0008617263530503,0.4170876720623172,0.1761374666686489,-1.1612646321990492,0.7215753801506818
157,"Stitch is a bad mannered, ugly and destructive little ****.",0,-1.6917090141247852,-0.1242252015762292,0.4598771432972528,-0.4164001917321479,-0.1813054126100015,-0.4787072984479156,-0.7979681583613785,0.1795434975663691
109,"Gosling creates a staggeringly compelling character, a young man whose sharp intellect is at the very root of his contradictory, self-hating, self-destructive ways.",2,-0.6575253808181563,-0.5098289749233276,-1.1021622437354943,0.2885608055870922,-0.3951364598967367,0.3702621666759861,0.4484101423730214,-0.7800198787341923
17,"The acting is stiff, the story lacks all trace of wit, the sets look like they were borrowed from Gilligan's Island -- and the CGI Scooby might well be the worst special-effects creation of the year.",0,0.4229150567136307,-0.257981171134837,0.5571615004125069,-0.492769438801507,-0.4836417067840646,-0.8323118824012551,-0.8188257312180038,0.0738087447059435
347,"Most haunting about ``Fence'' is its conclusion, when we hear the ultimate fate of these girls and realize, much to our dismay, that this really did happen.",2,0.2647145852135591,-0.9925988793883982,0.3616632347135611,-0.6646966147264178,-0.9771745697351142,-0.5484051095170456,1.5277344514327202,-1.012504897115256
24,It's all a rather shapeless good time...,1,0.0839140463563362,1.9668431531388584,0.9608815496345164,0.2623340471010706,2.234720003101587,1.0870708595890703,-2.1577297307881227,2.216015684691413
175,"After that, it just gets stupid and maudlin.",0,0.1063430861767318,-0.4712789823700113,-0.9056031781715752,0.6458153238206626,-0.1363944652999468,0.6665336444058817,0.2291179437275391,-0.1920900646332587
351,"Devos and Cassel have tremendous chemistry -- their sexual and romantic tension, while never really vocalized, is palpable.",2,-0.0137182446265644,-0.4317819781560378,1.5744250868375325,-0.5612657195977518,-0.6463053494636879,-1.5353114706427544,-0.4625254772536415,-0.9980915162135864
332,"Like being trapped inside a huge video game, where exciting, inane images keep popping past your head and the same illogical things keep happening over and over again.",1,0.0350979008648854,-0.8667687294906407,0.6229202317650661,-0.7510640673435313,-0.9173895514531132,-0.6914483697040985,1.1308331481603733,-0.917092512311871
167,The film serves as a valuable time capsule to remind us of the devastating horror suffered by an entire people.,1,0.4020325944756215,-0.4407688601630821,-1.1850984961699451,-0.2932399120291689,-0.3733968301277733,-0.3190076580670984,-0.3323824173504289,-0.4998149903129686
245,"In addition to scoring high for originality of plot -- putting together familiar themes of family, forgiveness and love in a new way -- Lilo & Stitch has a number of other assets to commend it to movie audiences both innocent and jaded.",2,1.681496199411883,-0.5687433323112173,-1.646345916368045,-0.273966373455675,-0.6216382266252182,-0.059155896020786,0.3091458079665787,-0.7669423486014239
311,"The good is very, very good... The rest runs from mildly unimpressive to despairingly awful.",1,-0.7882677530909094,-0.1639146473662623,1.0625718509860185,-0.0855463477441755,-0.3437197107053488,-0.3749418839162919,-0.8871860895905788,-0.4660156521407125
145,Mazel tov to a film about a family's joyous life acting on the Yiddish stage.,2,-0.2870886593786863,0.1813235658130866,-1.7308784921028542,-0.6735022195848714,0.1217003677916228,-0.3667321143828465,-0.3102807828132204,0.734418080008368
258,"The Emperor's Club is one of those films that possesses all the good intentions in the world, but...",1,0.7311799754651952,-0.6466883621886863,0.987178144756192,-0.99849417021428,-0.8537526515382592,-1.520464877888973,-0.237467954667763,-1.0025172935853557
177,"Plods along, minus the twisted humor and eye-popping visuals that have made Miike... a cult hero.",1,-1.075469409065609,1.0290043011788,-0.1005143247091139,-0.1582605239327907,0.7323557601295486,0.2928736545377586,-1.4334385431662524,0.9820516926264444
119,"No French people were harmed during the making of this movie, but they were insulted and the audience was put through torture for an hour and a half.",0,0.5273273679036768,-1.5230471654613849,-1.2240951078405335,-1.2994937123659462,-1.4942973583577146,-1.2120051338676563,1.5160071514107374,-1.517840034362831
194,"Nothing sticks, really, except a lingering creepiness one feels from being dragged through a sad, sordid universe of guns, drugs, avarice and damaged dreams.",0,-1.3520942335171608,-0.0841248136338255,-0.7619445469351416,-0.3987200156606951,-0.2551572545380135,-0.2555187917788872,-0.0638493135031284,-0.4500703034297142
229,"A thoroughly awful movie -- dumb, narratively chaotic, visually sloppy... a weird amalgam of `The Thing' and a geriatric `Scream.'",0,1.0404392971804766,-0.5141142815720599,-0.5304706499436779,0.1378896179345516,-0.3556816124925199,0.3802523931507169,0.9244435560362958,-0.4837679877791052
265,"""The movie is as far as you can get from racy, to the point where it almost stops the blood flow to your brain it has a dull, costumey feel.""",0,1.1269523550236578,-1.2636535164881748,0.8921922830509533,-0.9915691133001412,-1.272774318620227,-0.738551253376751,1.5474320798798047,-1.425311064870502
218,It's a funny little movie with clever dialogue and likeable characters.,2,-0.1276225841066159,-0.6427794370462266,-1.136941507463719,-0.0953712630009658,-0.382303239977859,-0.1876024655442151,0.5989458163550768,-0.4517203919871127
307,"That is essentially what's missing from Blackboards -- the sense of something bigger, some ultimate point.",1,-0.2700030084566783,-0.9119808486213468,0.7529199064947345,-0.673801854547118,-1.068529847889522,-1.2663017489915214,0.3362210572114557,-1.3113020307372751
36,"This hastily mounted production exists only to capitalize on Hopkins' inclination to play Hannibal Lecter again, even though Harris has no immediate inclination to provide a fourth book.",0,-1.083605433314185,0.5388238917342397,-0.5837030369439706,-0.0367772580718844,0.3155418768504049,-0.4818011848746885,-1.0788985131438862,0.0359362350372872
139,Bella is the picture of health with boundless energy until a few days before she dies.,1,-0.2557649660216724,0.38071305652289,-0.8870711513501305,-1.1494043966884862,-0.0561232338662187,-1.1593110968176568,-1.2742536521140029,0.2100641071729003
291,Norton holds the film together.,1,-0.4332658950447508,-0.764365580286826,0.6088764732172554,-0.1843116804938139,-0.3781474788469168,0.7491402780952965,1.2508440889393897,-0.0647052732953306
155,There are plot holes big enough for Shamu the killer whale to swim through.,0,-0.2252548750895165,-0.8771090949281097,-0.5156132694195803,-1.081491957293106,-1.0068328156681352,-1.3918547620807868,0.0233013681122093,-0.9790495909236816
196,"It's a hoot watching The Rock chomp on jumbo ants, pull an arrow out of his back, and leap unscathed through raging fire!",2,-0.204384204190998,-0.8602434523320736,-0.4055344737844916,-0.4431670393389093,-0.688423027158106,-0.2712285647351963,0.6020265203606393,-0.5800394786005512
284,"I have no problem with ``difficult'' movies, or movies that ask the audience to meet them halfway and connect the dots instead of having things all spelled out.",1,1.2790960084720109,-1.5559954847568525,0.7082359137936006,-0.921088195612176,-1.4160402673945691,-1.3208781300003478,1.8010009804676932,-1.547279912543328
59,... something appears to have been lost in the translation this time.,0,-0.0991464992366032,-0.634673694163519,-0.1688992502293205,-0.6327700336189392,-0.6278805481647677,-0.4954091861337527,0.6027957113914196,-0.0014245082567556
111,Better at putting you to sleep than a sound machine.,0,0.0887956609054814,-0.8906445220384664,-0.6378911847614295,-0.1804244002325279,-0.4378798121911025,1.597656635605601,1.813505333312035,-0.2292687767192912
165,"Director of photography Benoit Delhomme shot the movie in delicious colors, and the costumes and sets are grand.",2,0.047030736429463,-0.2416368582762595,-1.221493884181578,1.175880924441247,0.0652903926138155,1.4522046130346398,0.9624733098459882,0.5887464702306641
363,"An amateurish, quasi-improvised acting exercise shot on ugly digital video.",0,-0.9705146962589908,0.1586419549549709,0.362833075992537,1.4450949054402729,0.1492315283293828,0.5185817175249429,0.3242468477530044,0.631531392851196
6,The film rehashes several old themes and is capped with pointless extremes -- it's insanely violent and very graphic.,0,-0.4453557416035993,0.9031420183727789,0.532954905110405,0.7350589722554383,0.8253337981851212,0.8891267152044925,-0.936691519160443,0.6298649608768031
333,`Enigma' is the kind of engaging historical drama that Hollywood appears to have given up on in favor of sentimental war movies in the vein of `We Were Soldiers.',1,0.2926451512163305,-0.7097500026096377,0.3963257482755735,-0.388803540980651,-0.7050638924687895,0.189968562510646,0.4859533858442637,-0.6694941615124993
275,"Alain Choquart's camera barely stops moving, portraying both the turmoil of the time and giving Conduct a perpetual sense of urgency, which, for a film that takes nearly three hours to unspool, is both funny and irritating.",1,0.1604733015602703,-0.9025423921858796,0.7765339377985616,-0.7488057600852231,-1.00962825518951,-0.7803994509830207,0.6653414182689954,-0.8267300622066751
150,It's everything you don't go to the movies for.,0,-0.0643423955065867,-0.2645825388609917,0.4721999134377718,-0.4921482096388169,-0.1076770371857337,-0.0214035673026937,-0.5402814438447731,0.1405144911999068
10,"Frida is certainly no disaster, but neither is it the Kahlo movie Frida fans have been looking for.",1,-0.4123834328067416,0.3534106203031806,0.8820881891854557,-0.3495693476548886,0.2704401486875455,0.3319140371756406,-0.245821614210663,0.1246394944545314
192,"While it regards 1967 as the key turning point of the 20th century, and returns again and again to images of dissidents in the streets, it's alarmingly current.",1,0.0947620786877698,-0.4138691921792923,-1.038708017846678,-0.7733068106479024,-0.4726311055968814,-0.7272662559852218,-0.2828226057209627,-0.7524501733376806
103,"Only an epic documentary could get it all down, and Spike Lee's Jim Brown: All American at long last gives its subject a movie worthy of his talents.",2,-0.3228871660724163,-0.5973584992790911,-0.3777994354101087,-0.266446780205935,-0.5160837398952524,0.2148581495526862,0.2818541748509454,-0.4443795806380824
81,"""In comparison to his earlier films it seems a disappointingly thin slice of lower-class London life despite the title... amounts to surprisingly little.""",0,-0.0582895079013666,0.267301427762551,-0.9426682042920668,-0.0230128589177247,-0.0856376701493799,-0.7564004837832972,-1.3070306022513485,-0.2357431464372982
316,"... pitiful, slapdash disaster.",0,-0.697144281506869,0.6185749924957287,1.5149590420134698,3.1931452308002903,2.1050955117975265,3.402295167105676,-0.0773147872595402,1.8274978355319391
398,Men in Black II achieves ultimate insignificance -- it's the sci-fi comedy spectacle as Whiffle-Ball epic.,0,2.036559866014348,1.9022092986419403,1.765351412850907,0.8778213087461425,1.3895728107170149,-0.702190896882054,-2.2650332468075494,1.2250002904492006
375,It's solid and affecting and exactly as thought-provoking as it should be.,2,2.2643685449744506,1.8424646008668943,2.401873052993575,2.576309435447053,1.57451333298545,0.5824225871384255,-0.838617802861601,1.4243004578258338
208,"Feels like nothing quite so much as a middle-aged moviemaker's attempt to surround himself with beautiful, half-naked women.",1,-0.3583518871559489,0.145491752007194,-1.0441132272376523,0.0024565684437356,0.1263171372893586,0.8052841247943319,0.1165081619187173,-0.1886840176625888
286,Both the crime story and the love story are unusual.,1,-1.0149916288178675,-1.1859708646991864,0.9058028772016732,-1.3145515179226417,-1.2239712405932133,-1.1558315598099185,1.2280162247896595,-0.8565891864463223
168,"A bittersweet contemporary comedy about benevolent deception, which, while it may not rival the filmmaker's period pieces, is still very much worth seeing.",2,-0.6466301831287599,0.1583738627953232,-1.416590644720639,0.6770212162662484,0.2084045674593099,0.5058766087130214,-0.5380639015872074,0.0098172730375634
353,Gollum's `performance' is incredible!,2,1.9682172623263183,-0.0924421571150905,1.0364546023335794,0.909802036885842,0.5297723866575258,1.8061424109014497,0.3508838394293297,1.14879934128862
89,"... a solid, well-formed satire.",2,2.719985902894653,4.525911504818641,-0.00232566358816,5.841049791910868,4.549719266241997,0.3092590219052771,-1.8458443037725487,3.8182152212630727
377,"Cantet perfectly captures the hotel lobbies, two-lane highways, and roadside cafes that permeate Vincent's days",2,-0.3326503951707068,-0.0324859132013036,1.0849061652804342,0.5844724761187013,-0.0669935041193845,-0.1607927684727402,-0.3390753398164289,-0.4593900888089318
163,An atonal estrogen opera that demonizes feminism while gifting the most sympathetic male of the piece with a nice vomit bath at his wedding.,0,-1.1147935262670552,0.4104281316795897,-0.6921360873154005,0.3001160788203771,0.4273657415723402,0.5036083804861448,-0.8667712967882982,0.7326427451331636
147,An inspiring and heart-affecting film about the desperate attempts of Vietnamese refugees living in U.S. relocation camps to keep their hopes alive in 1975.,2,0.0052658119534437,-0.1625618851063158,-1.928102950074704,0.1782848018347454,-0.3789241004180186,-0.7566306305356265,-0.441443916347257,0.013899425620407
228,"The misery of these people becomes just another voyeuristic spectacle, to be consumed and forgotten.",0,-0.7286035752680259,-0.1588797136577603,-0.0017284495713116,-0.3145268493117332,-0.4201494600063036,-0.5617400233074168,-0.3936306847297362,-0.1514254333512756
92,"... creates a visceral sense of its characters' lives and conflicted emotions that carries it far above... what could have been a melodramatic, Lifetime Channel-style anthology.",1,-0.2678125403897546,0.3782377519224152,-1.8957836410267963,0.469740654316879,0.2151407403739352,0.4472265899333871,0.1666423617074081,0.1578802261043234
69,"Only a few minutes elapse before the daddy of all slashers arrives, still with the boiler suit and white mask, which look remarkably clean for a guy who has been mass-murdering since 1978 but has never been seen doing laundry.",1,-1.1641520733750763,-0.001795140393385,-0.4464591843067294,-0.5524459157895574,-0.2200617277302876,-0.4011115721439512,-0.5951886357568066,-0.1571445862152021
123,"Dong shows how intolerance has the power to deform families, then tear them apart.",1,-0.5018796995410686,0.865654712447897,-0.5008464212288573,0.0863291730460242,0.4815533661006205,-0.7825586951858785,-1.52388414351088,1.5479408170309226
96,"Even a hardened voyeur would require the patience of Job to get through this interminable, shapeless documentary about the swinging subculture.",0,-0.442215521718185,0.3233714494968792,-1.2822016490492985,0.3784882998866045,0.180571480670905,0.0138677591207712,-1.2808066186445066,0.2935998050743586
143,Aaliyah rarely dampens her diva persona enough to spark genuine chemistry with Townsend.,1,-2.388185629172238,0.2307597965357999,-1.7595361379015058,0.738240169193887,0.3164723185871568,0.9190219269475278,-1.414116375525365,0.448150822822728
326,Griffiths proves she's that rare luminary who continually raises the standard of her profession.,2,-1.6734671913358756,-0.6917596909154061,1.0164118903755737,-0.1143629946489943,-0.5992111002465728,-0.3470503844804092,0.0337240170774655,-0.7188170957642777
97,"Creepy, authentic and dark.",1,-0.2870886593786863,1.8606152595707544,-0.640528926016606,0.6482013308961858,2.0062732975027915,0.7727954187998635,-0.4999923283423365,2.2246091309581737
238,"It would be disingenuous to call Reno a great film, but you can say that about most of the flicks moving in and out of the multiplex.",1,1.75210035154565,-0.6242536448986964,-1.2380158672463542,0.3309170240209715,-0.3807713214068596,-0.0887104827375654,0.7139119682586949,-0.5886639543438494
68,"It is supremely unfunny and unentertaining to watch middle-age and older men drink to excess, piss on trees, b.s. one another and put on a show in drag.",0,-0.1886427659709285,-0.0720787353722375,-0.909026367936136,0.2506416583294701,-0.0232892741779514,0.0087444685400519,-0.2295247366204628,-0.1180211761550016
23,Another Best of the Year selection.,2,-0.7882677530909101,0.0598604854705037,0.3277111844496017,-0.2287857426108373,0.2555750186381351,1.086921772567825,-0.2284108262511085,0.3637549192076658
37,Bullock's complete lack of focus and ability quickly derails the film.1,0,-1.3805703183871731,0.2667702380027522,0.0182327631727329,0.5215055882644828,0.5874247677706731,1.5247489409095487,-0.0951853776897313,0.397877054910597
144,Mr. Soderbergh's direction and visual style struck me as unusually and unimpressively fussy and pretentious.,0,-0.8717976020429471,0.0301672727684136,-1.812327805099866,1.457873501527977,0.3348041636583158,1.520201381318948,0.0547161369999457,-0.1534808712885286
122,Exceptionally well acted by Diane Lane and Richard Gere.,2,-1.3172901297871449,0.1964849148487565,-1.1317132924073714,0.1699456335953373,0.4157582720805732,0.8053585090239488,-0.2601695483359625,0.5421468763197596
182,"Despite its raucous intent, XXX is as conventional as a Nike ad and as rebellious as spring break.",1,0.2292776795975436,0.3483195455040129,-1.096466829014198,0.1267106214474115,0.4464268807846678,0.984357952880543,-0.7047401594765408,0.5827346792750379
67,If only the story about a multi-million dollar con bothered to include the con.,1,-0.9493610332126964,1.1946227222476833,-0.5131865289747497,0.1171913840610665,1.0102864119610424,0.7326036951330939,-1.8443078315827588,1.1873638499572687
198,A portrait of an artist.,1,0.8584635548206812,0.9423199145693828,-0.6511779574217796,-0.7426650804346174,1.1332734268254427,0.1448905809801804,0.9997162288824828,1.6193894909070092
324,"Aptly named, this shimmering, beautifully costumed and filmed production doesn't work for me.",1,-1.8537114208427687,0.5874777101010039,1.1420689755225208,0.0874457206157157,0.3735820888262499,0.8242815742820785,-1.1650088897178614,0.0606621443345
219,"``13 Conversations'' holds its goodwill close, but is relatively slow to come to the point.",1,-0.0800799032801593,-0.4453716319123651,-1.1712954798644697,-0.2408954151196981,-0.390249772433172,-0.2642990788812578,0.0931166992132183,-0.4683135915998213
317,"As it stands, there's some fine sex onscreen, and some tense arguing, but not a whole lot more.",1,0.5178353396136723,-0.8514086799882301,1.945867716947683,-0.7432329354674554,-0.912873573551458,-0.4532976498227899,0.7699308088989103,-1.0513511992926627
195,``Simone'' is a fun and funky look into an artificial creation in a world that thrives on artificiality.,2,-0.690816262646866,-0.4798192842562325,-1.197334452887111,-0.0824264996185805,-0.2586552187832733,0.465985181475648,1.138320751267504,-0.1458390658603376
125,It's a great American adventure and a wonderful film to bring to IMAX.,2,0.8887545989461451,0.1598539380414995,0.3673727642717588,-0.8370453362341355,-0.1207761157992865,-1.60764316604111,-1.028220834786558,0.4597653884434337
146,... would be a total loss if not for two supporting performances taking place at the movie's edges.,1,0.631739679093723,-0.1422073014015934,-1.346515170914369,-0.3157026177737201,-0.189958914220564,0.0456066757603363,0.1504441164878846,-0.2550851645880213
371,It just doesn't have much else... especially in a moral sense.,1,1.2910041894176527,0.2265905747181392,1.0509194804763586,1.822084023372976,0.3727115098936828,-0.1215392204599671,-0.1961429262893831,0.6758123389628348
86,Features one of the most affecting depictions of a love affair ever committed to film.,2,-0.3706185083307232,0.4695928106493522,-0.9136560937717804,0.0667610996409945,0.4271296443875215,0.3651699563338413,-0.0394111577370602,0.5525296204875683
336,"So young, so smart, such talent, such a wise ***.",2,-0.9705146962589908,-0.5036243869833001,1.354651990359626,-0.4406981455101098,-0.436646041178287,-0.3487342874752139,-0.0781234815345715,-0.1688231408697517
340,Its vision of that awkward age when sex threatens to overwhelm everything else is acute enough to make everyone who has been there squirm with recognition.,1,-0.9600004495377557,-0.4866288694348503,1.2120282737743,-0.6401255704736705,-0.5759437891976557,-0.4746090724748849,-0.0197112792444024,-0.3643389869969413
337,"The problem is that for the most part, the film is deadly dull.",0,1.3005625955278677,-1.3907960063226052,1.1360835786886991,-1.1983403062645697,-1.3701980597653516,-1.4864986668064106,0.902336791920846,-1.56448505797631
354,"... a haunting vision, with images that seem more like disturbing hallucinations.",0,1.353133829134045,0.6092669623911849,1.4306429920616153,-0.0719919527740437,0.505495479523343,-0.6848487179828852,-0.671514054504395,-0.0387434029984761
334,The Rock has a great presence but one battle after another is not the same as one battle followed by killer CGI effects.,1,-0.6377159304737994,-0.6394079084947843,0.1544513843039653,-0.8268981627049713,-0.660719921794359,-0.1625254360791565,0.5170643840806968,-0.6454433540820854
302,"Often gruelling and heartbreaking to witness, but Seldahl and Wollter's sterling performances raise this far above the level of the usual maudlin disease movie.",2,0.6697077922537401,-0.8205683954201988,1.3759309552597263,-0.333029261927424,-0.9230465926412345,-0.753901632933594,0.7387054919571389,-1.2306357133295027
183,... a roller-coaster ride of a movie,2,1.7802751021842345,0.7049069717153699,-0.7918081409116466,0.793405583193835,1.241426799508361,0.9538616061046516,0.4754926449436532,1.503250098067369
203,"Denis forges out of the theories of class - based rage and sisterly obsession a razor-sided tuning fork that rings with cultural, sexual and social discord.",1,-1.1101789402060689,0.0869602132427836,-0.5584881851717044,-0.0276404969885983,0.1819106646665429,0.3827356918735132,-0.4953611412618514,0.0673351473866648
283,"Hard, endearing, caring, warm.",2,0.0695195419165498,2.286166760912854,0.904413784523161,1.7021136034801032,2.464960771082933,1.457229085509126,0.5494798512090265,1.684742422055159
211,I'm not sure which will take longer to heal: the welt on Johnny Knoxville's stomach from a riot-control projectile or my own tortured psyche.,0,0.0365895053104583,-0.5473719091111997,-1.0425532130862212,-0.4466610562880996,-0.6488564635805256,-1.0544852534657665,-0.0989987341850781,-0.8648788878540573
282,"Parker should be commended for taking a fresh approach to familiar material, but his determination to remain true to the original text leads him to adopt a somewhat mannered tone... that ultimately dulls the human tragedy at the story's core.",1,1.2587779371052998,-0.950745108300836,0.522297078051662,-0.60592470712278,-0.9986132631416172,-0.7784793778881409,0.7328881449105337,-1.1427790271067346
129,"A fiercely clever and subtle film, capturing the precarious balance between the extravagant confidence of the exiled aristocracy and the cruel earnestness of the victorious revolutionaries.",2,0.02132924444422,0.7282849772600127,-0.7815808587133996,1.2267130657346246,0.5998064487527222,-0.2735516782019622,-1.0463036775414964,0.8169548249782626
38,"... a plotline that's as lumpy as two-day old porridge... the filmmakers' paws, sad to say, were all over this ``un-bear-able'' project!",0,0.2710426040735621,-0.1066469937434295,-0.1339832142490141,0.2495339555141034,-0.1231010060528568,-0.0742316050912026,-0.2714124932905656,-0.2377252994286185
11,The film often achieves a mesmerizing poetry.,2,0.474443210287938,1.726230574936408,0.9943489716264188,0.9604815670171168,1.6606656173280891,1.4726844400450942,-0.6835359771345242,1.1292337491973603
325,"If Borstal Boy isn't especially realistic, it is an engaging nostalgia piece.",1,-0.2415269235866665,0.752145224495928,1.080570744565596,0.2858939753172065,0.5565556324634481,-0.0315539086659442,-0.0865801606386077,0.3086206189350762
185,Audiard successfully maintains suspense on different levels throughout a film that is both gripping and compelling.,2,0.0981927689125854,-0.2035179830293093,0.0898592852556514,0.5433809414195462,-0.0149790767821337,-0.0498950295809314,-0.267837424125769,0.2319351492706467
222,The movie is virtually without context -- journalistic or historical.,0,0.1948143153446052,-0.2863400592303629,-1.2171659221238318,0.5806671577604883,-0.0771593316922638,0.9318215747969332,0.23332781310167,-0.2385622869943299
112,Feels less like a cousin to Blade Runner than like a bottom-feeder sequel in the Escape From New York series.,0,-0.9135625265189647,0.4426842715304901,-1.0448771035106457,-0.3419233935533728,0.1476956740841858,-0.2610000205673831,-1.0049891878021224,0.3772592462039575
179,"For the most part, it's a work of incendiary genius, steering clear of knee-jerk reactions and quick solutions.",2,0.2877932422323929,-0.4699857031872167,-0.9068173905786202,0.1502344627131466,-0.4762889988870099,-0.321876382230289,-0.1022212397464997,-0.2904346916567211
327,"The asylum material is gripping, as are the scenes of Jia with his family.",2,0.474443210287938,-0.7338606270805719,0.8398792830610141,-0.2405571082886403,-0.6205519370486468,0.0135036391025747,1.3358967621367723,-0.5505264366193218
299,It's the funniest American comedy since Graffiti Bridge.,2,-1.456506544707207,1.0740867157368263,1.449885538013676,-0.589634422264506,0.3649642339994388,-1.714845769894932,-1.457291664320068,0.4531515378388732
117,That Haynes can both maintain and dismantle the facades that his genre and his character construct is a wonderous accomplishment of veracity and narrative grace.,2,-0.337206568749908,0.0718677540199844,-1.3777423204859112,0.5381741181491353,0.050630528573283,0.7729958194545472,-0.2444744708318151,-0.0219366841458316
368,"A profoundly stupid affair, populating its hackneyed and meanspirited storyline with cardboard characters and performers who value cash above credibility.",0,-1.4489129220752033,0.1319566539420187,0.1432764418680859,0.944205325242882,-0.0026960048804217,0.5206455496229916,-0.0823427475015873,-0.3332354866946044
277,This stuck pig of a movie flails limply between bizarre comedy and pallid horror.,0,-1.2536483401094032,-0.6193669071574658,1.0682851432621887,-0.3284019044883484,-0.4783922078578609,0.4273879552214778,0.8542943403229725,-0.2339190534698512
384,Wedding feels a bit anachronistic.,0,-0.4237738667547464,1.7913867856682115,2.5977636564752,2.965743118824399,1.6292301639876574,-1.2578940497720996,-1.2107447411750123,1.4878810683100645
287,It's never a good sign when a film's star spends the entirety of the film in a coma.,0,1.1538012350439553,-0.8389088797122033,1.3453346768552747,-0.8460091816571065,-0.7884393670491961,-0.6681421677076105,0.9809402520067012,-0.5298146048605817
362,"Co-writer/director Jonathan Parker's attempts to fashion a Brazil-like, hyper-real satire fall dreadfully short.",0,-1.7485689536304148,0.0574911687166195,0.5191548575964987,1.6409813629363883,0.1189013171304885,1.138448177438698,0.0006475159304998,-0.4361210604292511
164,"Even by the intentionally low standards of frat-boy humor, Sorority Boys is a bowser.",0,-1.50125467807437,0.338277985943715,-0.7490675779042045,0.2244186588757537,0.2279270480340746,0.334913457792207,-1.0146950027750532,0.4562231928503347
253,"The real charm of this trifle is the deadpan comic face of its star, Jean Reno, who resembles Sly Stallone in a hot sake half-sleep.",1,-0.0957293690522006,0.1131805969564314,0.3011858392982193,-0.3349834858669637,0.2212638820263817,0.2932100933649938,-0.0780347067424853,0.1760383947930251
136,Exactly what you'd expect from a guy named Kaos.,1,-1.3172901297871449,-0.8453163546022773,-0.984387701222718,-0.1717990154814765,-0.6607558090754911,-0.7888414330913687,0.8666752047699728,-0.7966265729999477
154,"There is a refreshing absence of cynicism in Stuart Little 2 -- quite a rarity, even in the family film market.",2,0.5792352026095845,0.1088872962415967,-0.5287448723013572,-0.7451798354219537,0.0701526432609934,-0.1469565201485871,-0.7299483582956264,0.832339086464895
199,"As written by Michael Berg and Michael J. Wilson from a story by Wilson, this relentless, all-wise-guys-all-the-time approach tries way too hard and gets tiring in no time at all.",0,0.0679131986674722,0.1611138901428226,0.3064208745846084,0.1513728002961396,-0.3361774640133689,-1.5221010596293845,-0.1933196485214685,0.0726190575120225
197,"While Tattoo borrows heavily from both Seven and The Silence of the Lambs, it manages to maintain both a level of sophisticated intrigue and human-scale characters that suck the audience in.",2,0.2673682705419475,-0.3598954546854909,-0.6765452137744985,-0.38676624233379,-0.5650620211923134,-0.3574318891097848,0.2757730272974283,-0.7294846065188478
392,The sort of movie that gives tastelessness a bad rap.,0,1.079763414381922,0.0684704133172063,1.9778078785963684,-0.2960546637266876,-0.0510292255402038,0.0469697736461321,-0.3701220181003434,-0.4524880791318346
2,"Bread, My Sweet has so many flaws it would be easy for critics to shred it.",0,-1.117166533339556,0.3470892894417179,0.8628782302378574,-0.2608083193841269,0.2526735713296361,0.7885757065872633,-0.3670298312854973,0.6684956519728885
204,The movie slides downhill as soon as macho action conventions assert themselves.,0,-1.3747925620367358,-0.1843395626680725,-0.7048247149372129,-0.0158306876884874,-0.2250125966691158,0.1151292726048859,-0.6973517256596314,-0.4355535259944284
115,"Celebrated at Sundance, this slight comedy of manners has winning performances and a glossy, glib charm that's hard to beat.",2,-0.5376782062347978,-0.330560879947854,-0.9051081748101792,0.0701835464277682,-0.2289546086699983,0.710370476408058,0.8639147836909618,-0.1949013552940789
234,"After seeing the film, I can tell you that there's no other reason why anyone should bother remembering it.",0,0.6355625554759661,-0.8050814994724933,-1.3880108814539156,-0.8680216393549159,-0.8900397138459888,-1.0472589365866058,0.4893362544670491,-1.0494947173664475
237,"Pacino and Williams seem to keep upping the ante on each other, just as their characters do in the film.",2,0.4164896837173185,-0.7163218249010669,-0.8344827948666188,-0.5938939111791055,-0.7206894126976274,-0.2298052422275801,0.8070942892614617,-0.7073457082582562
26,I love the robust middle of this picture.,2,0.0574719675484676,0.5039698718335365,0.6501454156580974,-0.2215259924004279,0.472275380462037,0.6319330315580833,-0.9505698219136952,0.8846585931975226
120,"I was feeling this movie until it veered off too far into the Exxon zone, and left me behind at the station looking for a return ticket to realism.",0,0.2572955286190736,-0.8278198030836263,-1.1805099711441966,-0.765868229631144,-0.7250067953784903,0.0684298506635079,0.5909461363902692,-0.499025523011556
357,"Not as distinctive or even as humorous as its needs to be to stand out, but it has clearly been made with affection and care.",1,1.380470870609256,-1.2383291043822255,0.7593383743015089,-0.6838146407354867,-1.0874254808002934,-0.1205116893233317,1.6751338308699273,-0.8254562475307583
224,Genuinely touching because it's realistic about all kinds of love.,2,-1.3376371442754618,-0.0085050564744298,-1.06235310283911,-0.4434046128969859,-0.15822015262207,0.1003301268518336,-0.3606908568482947,0.1215181755123781
360,"Everything its title implies, a standard-issue crime drama spat out from the Tinseltown assembly line.",1,-1.152761639427072,-0.5725534417356266,0.7498018005118934,0.5929738279007641,-0.3217278572785907,0.7778293567629874,0.2408979038855736,-0.5552544334673726
378,"An important movie, a reminder of the power of film to move us and to make us examine our values.",2,1.9682172623263183,-1.373369486324431,0.8104296169029888,-0.7501751757794496,-1.1786216805474623,-0.3125559001717363,1.888538541059304,-1.3955623636641887
350,"``My god, I'm behaving like an idiot!''",1,0.3572844611084572,-0.5311994261680114,2.6000345687012203,-0.7576890220976213,-0.5541320789152558,-0.5094500963797546,-0.1549095021427488,-0.2847759065918614
379,"Too much of this well-acted but dangerously slow thriller feels like a preamble to a bigger, more complicated story, one that never materializes.",0,1.561133057749789,-0.6296039414921362,0.3728737599310037,-0.1496866852653331,-0.7468413280085666,-0.237276560550006,0.8738960158183186,-0.8487884531734918
127,"It's like an old Warner Bros. costumer jived with sex -- this could be the movie Errol Flynn always wanted to make, though Bette Davis, cast as Joan, would have killed him.",1,0.0183173508521999,0.0701452145068867,-1.138481004435072,-0.7624441528383601,-0.1441074736019229,-0.713922732134723,-0.2756986221125154,0.2669811337399629
74,"Novak manages to capture a cruelly hilarious vein of black comedy in the situation with his cast of non-actors and a gritty, no-budget approach.",2,-0.7778265219719047,0.2637318428752391,-1.1143643936781842,0.4393399695075453,0.3022303306709231,1.1278913538793922,0.2600393985558885,-0.0933239164469368
322,An awful movie that will only satisfy the most emotionally malleable of filmgoers.,0,0.0388529889796118,-0.725155503471436,0.9660516311554778,-0.507247397120447,-0.6343198497521881,-0.2542266693700226,0.0336493823386237,-0.7990106866549518
29,Mostly Martha could have used a little trimming -- 10 or 15 minutes could be cut and no one would notice -- but it's a pleasurable trifle.,1,0.6781451507337438,-0.3803391853890634,0.9657680093549184,-0.8644325506657029,-0.5723442335808371,-1.1198468002548667,-0.0196458175055104,0.1271362094736949
83,"Suffers from rambling, repetitive dialogue and the visual drabness endemic to digital video.",0,-0.6533349201683882,0.7189174961956457,-0.8052782029620005,1.6823229723236102,0.8475931304471128,2.256199232773971,0.2879133908635335,0.4548650996236383
389,The picture doesn't know it's a comedy.,1,-0.0722976192163056,-0.5563311074502785,0.7606783466267082,-1.012532737648243,-0.6160244061147284,-1.0429376718646968,-0.4119345072834197,-0.4181002811071633
107,Jeffs has created a breathtakingly assured and stylish work of spare dialogue and acute expressiveness.,2,-0.8717976020429471,0.0975654657513601,-1.3637159640368812,0.5729950268345941,0.0775260835099681,-0.3269772550741835,-0.9288333793057192,0.0657147197656773
249,"The movie is a blast of educational energy, as bouncy animation and catchy songs escort you through the entire 85 minutes.",2,1.1090531016767915,-0.4831668583184346,-1.1445034520627948,-0.1840785219312007,-0.4170918434002257,-0.1201235453622345,0.039194051661092,-0.5931158503756935
296,"If you're over 25, have an IQ over 90, and have a driver's license, you should be able to find better entertainment.",0,0.5890255517887035,-1.2003154647117025,0.773209948077311,-1.5754854379117298,-1.2848421135263255,-1.9219569836452408,0.4741122281403737,-1.1326455970523583
133,And I've decided to leave a light on every night from now on.,1,0.5032322191675124,-0.8935144979873675,-1.4546029507213003,-1.2474724628854477,-0.9936233110019924,-1.3188634882970676,0.3069544903692606,-0.8263149345975237
244,Perhaps the most annoying thing about Who Is Cletis Tout? is that it's a crime movie made by someone who obviously knows nothing about crime.,0,0.5102417169816689,-0.9077193149884496,-1.609632798701049,-0.9161904088763384,-0.9944117202719888,-1.0619904728651317,0.4049010895011892,-0.8679295456898009
184,"A colorful, vibrant introduction to a universal human impulse, lushly photographed and beautifully recorded.",2,-1.1283535666813471,0.6519779921962162,-0.3852716184313521,0.6097676185158686,0.4443819030009053,0.5145903382457337,-0.4828088976486914,1.2415369274815016
290,"If you're a WWF fan, or you related to the people who watched the robots getting butchered in A.I., you'll probably like Rollerball.",1,0.7021952908184848,-0.4159335608442912,0.4871060055706872,-0.3669768892652407,-0.6410364092482284,-0.7124182899090872,-0.3161144153345531,-0.5578633114723209
44,I like the new footage and still love the old stuff.,2,1.125325150173942,-0.1386235606441945,0.325148826634003,-0.2202543801024246,0.1442879065048662,0.9346335216699004,0.1415038506658962,0.2141368189696177
367,Griffin & Co. manage to be spectacularly outrageous.,2,0.1571382645935115,-0.5151430742376727,0.3646751731342487,0.2350816089921586,-0.2892285793038089,0.1809583456507107,1.040600217231266,-0.4657379675238698
65,"Despite the holes in the story and the somewhat predictable plot, moments of the movie caused me to jump in my chair...",1,0.2140904343335368,0.1147272975019408,-0.6463585287063026,-0.5217084462582713,-0.1875734430996787,-0.787831499300506,-0.7369751800483106,-0.3406837168012694
85,"Angel presents events partly from the perspective of Aurelie and Christelle, and infuses the film with the sensibility of a particularly nightmarish fairytale.",1,0.7043743303563643,0.693172468921664,-1.398365035419585,1.1302774632695836,0.6878976190698918,0.15637090753274,-1.2905447022077194,0.2791724843630649
242,Intriguing and downright intoxicating.,2,-0.1140625436923232,0.9311211908498536,-0.3278511862886664,1.9897060648409188,1.2451537258665673,1.1237089950605834,-0.974370837027446,1.013372863890623
186,"""Even horror fans will most likely not find what they're seeking with Trouble Every Day the movie lacks both thrills and humor.""",0,-0.02510867857457,-1.2673274879601264,-0.9760141301365888,-1.1952920282953243,-1.2827374297868,-1.0364520152480048,0.9989330916004264,-1.320221086829666
159,Kirshner and Monroe seem to be in a contest to see who can out-bad-act the other.,0,0.3881109529836151,0.2322111928966517,-0.531612169857855,0.4138707615735531,0.0533137843329985,-0.592480012101521,-0.1289865712128043,-0.2639527454629679
12,A work of astonishing delicacy and force.,2,-0.680872233009719,2.953610694596778,1.1535087577124428,0.0451149223340377,2.70960375809833,0.5910334920625858,-0.3539281648398485,2.8123686258020264
35,"What makes How I Killed My Father compelling, besides its terrific performances, is Fontaine's willingness to wander into the dark areas of parent-child relationships without flinching.",2,-0.5569543252237302,0.7133396273362514,0.0468216648039652,0.3634551167748833,0.3089509339268269,-0.4573764923346054,-1.215552962040963,0.0368075411351592
28,The soundtrack alone is worth the price of admission.,2,0.074874019413475,-0.5813464383562381,0.3077822478932317,-0.5786594623054212,-0.3338386956621819,-0.942674391181658,-0.4641834789623679,-0.4824700758870266
170,Isabelle Huppert excels as the enigmatic Mika and Anna Mouglalis is a stunning new young talent in one of Chabrol's most intense psychological mysteries.,2,-0.9135625265189656,-0.3477946987024158,-1.4053108541668478,0.0173366841524043,-0.3625020946988927,-0.2283353477948451,-0.1089398146219056,-0.5727947107452095
142,"Cox offers plenty of glimpses at existing photos, but there are no movies of Nijinsky, so instead the director treats us to an aimless hodgepodge.",0,0.2642083437047594,0.7659719628103269,-1.5327946231171208,0.2260286463004974,0.384650315073289,-0.6328120569994569,-1.097997007836275,0.0271901925464661
318,It's neither as romantic nor as thrilling as it should be.,0,1.9123005865815643,-0.7476111260986475,1.6954495928756663,0.2373768166440884,-0.4800380181822263,1.0188816185225436,1.857311547852861,-0.6230244995869257
272,But his showboating wise-cracker stock persona sure is getting old.,1,-1.540036393659244,0.6799498159975619,0.7507353841345902,-0.2023223346782388,0.4121680756499044,-1.2771304168191424,-1.5266263825340305,0.3729339903287242
221,"You come away wishing, though, that the movie spent a lot less time trying to make a credible case for reports from the afterlife and a lot more time on the romantic urgency that's at the center of the story.",1,0.4296711474376917,-0.771233370879111,-1.3807408448894596,-0.6353531062556115,-0.7153427813233477,-0.2347212624946402,0.6517880952921653,-0.6619839888416824
95,"The Movie is what happens when you blow up small potatoes to 10 times their natural size, and it ain't pretty.",0,-0.1438946326037658,-0.4118063032554912,-1.1600201346354928,-0.7146321057327,-0.5084512544629287,-0.5476993038579162,0.2698443716181258,-0.2290915460939685
51,"Sparkling, often hilarious romantic jealousy comedy... Attal looks so much like a young Robert DeNiro that it seems the film should instead be called `My Husband Is Travis Bickle'.",2,-0.4339859799495109,-0.2001694918371155,-0.1973847763964265,-0.7461374225326792,-0.596365300363837,-1.1408293417292237,-0.6304365953691565,-0.642673333503538
240,Narc can only remind us of brilliant crime dramas without becoming one itself.,1,-0.923200586013432,0.1334744735569169,-1.0974538485824172,-0.4951692629678798,-0.0238871614629043,-0.1067931587220594,-0.8347787023621148,0.232498754346245
298,"The doofus-on-the-loose banter of Welcome to Collinwood has a cocky, after-hours loopiness to it.",1,0.8964994681827694,-0.0439143543304645,0.0596883552569287,0.9422046799548718,-0.0827363809588665,0.3483759173462133,0.3984206971072327,-0.5271877060987569
304,"I didn't laugh at the ongoing efforts of Cube, and his skinny buddy Mike Epps, to make like Laurel and Hardy'n the hood.",0,0.1348526329561095,-0.3641670448436138,0.8858468366692774,-0.956095346911484,-0.7666979030906567,-1.2133987008245743,-0.3030514000649714,-0.9462231009997916
178,"Impresses as a skillfully assembled, highly polished and professional adaptation... just about as chilling and unsettling as `Manhunter' was.",2,-0.9275757577576302,-0.0270834739147128,-1.0952962100139532,-0.37214847115937,-0.086783700921788,-0.1546849503813224,-0.0128667133399633,-0.2400958643904771
41,Flaccid drama and exasperatingly slow journey.,0,0.2140904343335368,0.8726842143497671,0.2747733646573405,1.8783090442266424,1.3341556803656598,2.21998087515269,0.326437311011545,0.9217015282168206
310,"A dim-witted and lazy spin-off of the Animal Planet documentary series, Crocodile Hunter is entertainment opportunism at its most glaring.",0,-0.3554312630667163,0.2392369656197928,0.6063199775765755,0.1219992695893354,-0.09095306053597,-0.6956926267649112,-1.10833278873199,0.0899292820380198
206,"Like the best of Godard's movies... it is visually ravishing, penetrating, impenetrable.",2,-0.2404102143760774,0.3296867039906512,-0.9347426951031176,0.6882497618484619,0.629963720782237,1.8050144697002928,-0.4927362662669211,0.2186464435160848
254,"... a cute and sometimes side-splittingly funny blend of Legally Blonde and Drop Dead Gorgeous, starring Piper Perabo in what could be her breakthrough role.",2,0.748681467626575,-0.8366827366570259,0.5051465314854481,-0.2455456835495826,-0.8935911146845721,-1.0060731000858287,0.3173801231132527,-1.0842596805238591
331,To say Analyze That is De Niro's best film since Meet the Parents sums up the sad state of his recent career.,1,0.0484113950898266,-0.8442035237972166,0.9465633577796388,-0.9319644552404392,-0.7114936224428335,-0.325263660613208,0.5677484616371355,-0.8166019230520722
4,"Ultimately feels empty and unsatisfying, like swallowing a Communion wafer without the wine.",0,-1.3279990847809964,4.054547042805739,0.4848041670698176,1.8199489758154384,3.2146978587514305,-0.1499817110690272,-2.873560222287596,6.092978389843401
256,Few films capture so perfectly the hopes and dreams of little boys on baseball fields as well as the grown men who sit in the stands.,2,1.5812670218818383,-1.3737287918027046,0.6705900777730294,-0.8584587015974631,-1.2814781955362415,-0.9252933376711284,1.5154460196653472,-1.4167386906103612
358,A generic family comedy unlikely to be appreciated by anyone outside the under-10 set.,0,0.3768109193050373,0.1663316570981572,1.1688886510568426,0.9561802118311236,0.3091175405657109,0.4278250960176904,-0.5074893145508155,0.4395885582819342
100,"The film is a contrivance, as artificial as the video games Japanese teens play in a nightclub sequence, but it's an enjoyable one.",1,-0.1127654963483485,-0.0689883834332364,0.2451863759092284,-0.4833422373824662,-0.1761140377141037,-1.226370306573736,-0.0778298289585693,-0.0466259410905737
226,"Armed with a game supporting cast, from the pitch-perfect Forster to the always hilarious Meara and Levy, Like Mike shoots and scores, doing its namesake proud.",2,-1.1077005820503485,-0.6108014311211982,-1.2824868292017717,-0.1901806038278793,-0.4000339367540179,0.7988663353439953,1.0275741972022443,-0.3506527965121133
341,Remarkably accessible and affecting.,2,-1.038857299947021,2.304491945181174,1.1932081490282418,3.222806375840624,3.150480557784103,3.163213798487354,-0.0339226264061707,2.4175134165542658
213,"It's difficult to conceive of anyone who has reached puberty actually finding the characters in Slackers or their antics amusing, let alone funny.",0,-0.7301600320807976,-0.7186390268807831,-1.0861455971401457,-0.5195746428850136,-0.8480108366840132,-0.6297302585151876,0.2327645232480728,-0.8243446325111673
171,A small movie with a big impact.,2,1.4670381686140954,-0.8002014961893184,-0.6730421430720578,0.7470541589204884,0.3170040460831397,2.8490558201997325,4.244646934903527,0.4951106324140698
98,A lame romantic comedy about an unsympathetic character and someone who would not likely be so stupid as to get involved with her.,0,-0.494097415477214,-0.0042137808306447,-1.2592575594100388,-0.5152972984877082,-0.3345092727577831,-1.0608084155276474,-0.5223526222717044,0.0042977554293125
215,"Not only is Undercover Brother as funny, if not more so, than both Austin Powers films, but it's also one of the smarter, savvier spoofs to come along in some time.",2,0.5891664012407484,-0.2811096482619472,-0.9613809667209527,-0.716142762131672,-0.2482881901000908,-0.3731716511124741,0.1038177050594595,0.0474094410405231
61,"Stephen Rea, Aidan Quinn, and Alan Bates play Desmond's legal eagles, and when joined by Brosnan, the sight of this grandiloquent quartet lolling in pretty Irish settings is a pleasant enough thing, `tis.",2,-1.152761639427072,-0.1956774906471691,-0.9636707418712948,0.1913875288460721,-0.2330443551067923,0.1069624007999371,0.1277826542391335,-0.4804248804338104
47,"At times, the movie looks genuinely pretty.",2,-0.1438946326037658,1.013991746374367,-0.1299649034832708,0.8853963288536482,1.3255654249181603,1.993818122814866,0.8413519252955769,1.499424560634306
32,"The movie is for fans who can't stop loving anime, and the fanatical excess built into it.",1,-0.4492348367561705,-0.5298345467536424,-0.095184628621225,-0.0899922271098329,-0.2616480464845221,1.0767021874074083,1.0896135158208655,-0.2150090407792431
267,Maybe Thomas Wolfe was right: You can't go home again.,1,-0.8195914464479231,-0.3462798947577455,1.6895156916886764,-1.2790403958212304,-0.6610292689305682,-1.511785105650028,-0.145240114422163,-0.3990748779166749
200,"It's the best film of the year so far, the benchmark against which all other Best Picture contenders should be measured.",2,0.1693423009663733,-1.2967479833973106,0.1619133499008988,-1.4601743540540415,-1.3132229442761874,-1.3837382798781206,1.0281866065113894,-1.2238168024289202
356,Adults will certainly want to spend their time in the theater thinking up grocery lists and ways to tell their kids how not to act like Pinocchio.,1,1.0240768484138971,-1.1764980649311882,0.8370477034168234,-0.9719231561589272,-1.296954031461096,-1.5048316428268818,0.5447949284269167,-1.5512046392423051
27,"That's not vintage Spielberg and that, finally, is minimally satisfying.",1,-1.1071999036350508,1.564862298863576,0.2987156801398101,0.5352775347889036,1.2312473254586416,-0.0479369157785591,-1.6157078286166566,1.1177413723208396
312,"Methodical, measured, and gently tedious in its comedy, Secret Ballot is a purposefully reductive movie -- which may be why it's so successful at lodging itself in the brain.",2,0.8111062826427676,-0.1942256257613651,0.7505212694254187,-0.2394336770298423,-0.293902567822036,-0.3854329613276007,0.5307579392577182,-0.3341769167874101
230,"One of those staggeringly well-produced, joylessly extravagant pictures that keep whooshing you from one visual marvel to the next, hastily, emptily.",1,-1.33717818906144,0.6779220975779485,-0.2716354369392919,-0.1323487131080711,0.5485285668516389,-0.0256159768838564,-0.7625578891211988,0.7722635484030657
260,"LaBute can't avoid a fatal mistake in the modern era: He's changed the male academic from a lower-class Brit to an American, a choice that upsets the novel's exquisite balance and shreds the fabric of the film.",1,-0.167437794663606,-0.7183283565356297,0.2647313295077851,-0.3528122860143138,-0.6790796474192267,-0.061538172695922,0.3243611847123432,-0.8512898903183092
288,A creaky staircase gothic.,1,-0.3933993762267335,3.459793006719486,1.6552328427296898,0.7396094469212774,3.5101823438228097,-0.4470097412082898,-1.1631438202675024,3.2356054883483427
162,It's anchored by splendid performances from an honored screen veteran and a sparkling newcomer who instantly transform themselves into a believable mother/daughter pair.,2,-0.58943039525943,0.6947011585730081,-0.2303948308128659,0.2639061173224017,0.355292038915487,-0.1400742847606366,-1.5671451899533544,0.1723061646740948
370,It isn't that Stealing Harvard is a horrible movie -- if only it were that grand a failure!,0,1.353133829134045,-0.2124010223653853,0.7572022547260123,-0.5619506868935293,-0.2766352022015855,-0.3359800018031088,-0.4307800232017462,0.4284923447772599
138,"For those for whom the name Woody Allen was once a guarantee of something fresh, sometimes funny, and usually genuinely worthwhile, Hollywood Ending is a depressing experience.",0,-0.2963697537066911,-0.3206587086953639,-0.5005031336075358,-0.5108136040789433,-0.5434628124212146,-0.5750945385201817,-0.8290088443546468,-0.4282649094101463
62,"It's a powerful though flawed movie, guaranteed to put a lump in your throat while reaffirming Washington as possibly the best actor working in movies today.",2,-0.3641931353344126,-0.0671451253832884,-0.8547936348028787,-0.2040303603623994,-0.1778289084830148,-0.0610793427490736,-0.2501136254067078,-0.2024557493298302
135,under-rehearsed and lifeless,0,0.2140904343335368,2.9356927366455308,-1.2126319138416963,6.118122551533667,4.539423088365238,3.6835952694681073,2.0709815543599355,4.087596815507888
128,"A miraculous movie, I'm Going Home is so slight, yet overflows with wisdom and emotion.",2,0.0470307364294621,-0.4024286471904661,-1.327939262673428,-0.3823368159958007,-0.364691822644558,0.2470287439001162,0.2762984323576313,-0.3292533525866338
8,"If Deuces Wild had been tweaked up a notch it would have become a camp adventure, one of those movies that's so bad it starts to become good.",1,-0.1886427659709285,-0.7140412058183065,0.4305056538397033,-0.715791999449086,-0.6291074214000217,-0.4287205968280161,0.644061295085272,-0.7901951496682069
64,Everything was as superficial as the forced New Jersey lowbrow accent Uma had.,0,-1.4331415519933508,0.243483008519246,-0.6967557395726729,-0.1584584524483933,0.115252267661857,0.5011632969953393,0.1591716314137678,-0.0751170927170094
300,Samuel Beckett applied to the Iranian voting process.,1,-2.4484235010126487,0.6290465263633395,2.084637807082514,-0.8898778496115576,0.1097425692569966,-0.6197338320060177,-1.272350272336467,0.2036985986784644
14,"For the most part, the ingredients are there.",1,0.8405643014738161,-0.2133883732860025,0.6848608070965797,-1.0228636942881413,0.0916399788506656,-0.7323126042017838,0.100506434347811,-0.2099285596965859
156,... always remains movingly genuine.,2,-1.3569132632643934,2.84742044379748,-0.2924628520384617,-0.3435257002825597,2.983608339357145,1.0755443865542098,-0.0927351834683171,2.165999935669588
40,"Reassuring, retro uplifter.",2,3.5552843924150235,1.937988259814772,0.6611013792883808,5.598522850023538,3.5867959265539247,6.136551136780302,3.5481515026232446,3.142091607984314
366,"While this gentle and affecting melodrama will have luvvies in raptures, it's far too slight and introspective to appeal to anything wider than a niche audience.",1,0.3017091570104993,-0.9151924102045282,1.02524793568982,-0.2004218488945296,-0.7653176456455892,0.3813140724224466,1.5557508256457648,-1.0506195402346972
323,"This is an extraordinary film, not least because it is Japanese and yet feels universal.",2,0.7608312638377804,-0.7129175593453488,0.9152146065540026,-0.6198368480437992,-0.7043654308125723,-0.512477014689926,0.5087873718299772,-0.9779143483396844
216,It should be mentioned that the set design and interiors of the haunted vessel are more than effectively creepy and moodily lit.,2,-0.3839073479367298,-0.474909947461002,-0.1690417006573028,-0.4843183977101041,-0.5034963135150538,-0.0615077915875669,0.2336758326606205,-0.3063434541089204
279,"The delicious trimmings... arrive early and stay late, filling nearly every minute... with a lighthearted glow, some impudent snickers, and a glorious dose of humankind's liberating ability to triumph over a Scrooge or two.",2,0.9767542725912678,-0.860179285027858,0.1677074678196965,-0.4677762071294732,-0.923509570251584,-0.5687852694801524,0.5662184463786201,-1.0553705451133943
346,"We never truly come to care about the main characters and whether or not they'll wind up together, and Michele's spiritual quest is neither amusing nor dramatic enough to sustain interest.",0,0.757891797012489,-1.3987416986571564,0.1138474459965765,-1.1923955035487126,-1.4852881274494372,-1.5750050324549705,1.11446582425596,-1.5420493382873228
236,"In some ways, Lagaan is quintessential Bollywood.",1,0.3182315447152969,0.9327210085240724,-0.8455065920452758,2.27442237038589,1.3014636676911553,1.0985008645513603,-1.6385723003261627,1.1802759473656033
207,The cumulative effect of the movie is repulsive and depressing.,0,0.9188735348663508,0.5649762524770651,-0.791865550041608,1.9028156405072745,0.6459734895199042,-0.6268004062201874,-0.6322817326934637,0.1173732594199926
212,"While Serving Sara does have a long way to go before it reaches the level of crudity in the latest Austin Powers extravaganza, there's nothing here to match that movie's intermittent moments of inspiration.",1,-0.1124892489424299,-0.5706880787216596,-1.7222848279279432,-0.1062485531172482,-0.4566236265314864,0.3025657738542877,0.0751661022760387,-0.6414983140698008
295,A movie so bad that it quickly enters the pantheon of wreckage that includes Battlefield Earth and Showgirls.,0,0.8405643014738161,-0.8234439755280915,0.8798869074231479,-0.5010218700217596,-0.9267818906561152,-0.98491284681028,0.6514039801850472,-1.0659358567903243
364,"``The Kid Stays in the Picture'' is a great story, terrifically told by the man who wrote it but this Cliff Notes edition is a cheat.",1,0.4594228578290307,-1.031293072390989,1.0542164006807035,-0.9777466285278084,-1.0539392004706272,-0.990212937355077,0.7436654661031589,-0.648327132272466
251,"To my taste, the film's comic characters come perilously close to being Amoses and Andys for a new generation.",1,-0.5479362578604867,-0.0605073350797305,0.9986049273341776,-0.5774024335330745,-0.2807944955684174,-0.2918349999267752,-0.3128925303146903,-0.1292026729581601
390,A classy item by a legend who may have nothing left to prove but still has the chops and drive to show how its done.,2,2.145908031915198,-1.421577524995535,0.1978726424196031,-0.9343189746827684,-1.1849699981251005,-0.9023071534750348,1.4202766001312288,-1.433194735449863
365,"A gratingly unfunny groaner littered with zero-dimensional, unlikable characters and hackneyed, threadbare comic setups.",0,-1.3805703183871745,0.2669194051518631,1.330305851630355,1.7086382569843075,0.3344492560453156,1.3026484334183384,0.54194898031712,-0.3135878748354959
303,"This enthralling documentary... is at once playful and haunting, an in-depth portrait of an iconoclastic artist who was fundamentally unknowable even to his closest friends.",2,0.8337300411050134,-0.2588350169297937,1.2484181577362472,0.0850952222472392,-0.3680143210085402,-0.3159907575023108,-0.1546939499969072,-0.6121448787942871
269,"Why he was given free reign over this project -- he wrote, directed, starred and produced -- is beyond me.",0,1.2060073906389792,-0.6689075548845567,0.4334529888653382,-0.3696632256042789,-0.6747805696771012,-0.3648019761170961,0.3334064176044148,-0.4257064916439052
201,This is one of the biggest disappointments of the year.,0,2.7513095962516667,-0.5224731479450005,0.062553263468,-0.3855131143507437,-0.4253938838081597,-0.1069670935801804,1.174993225085468,-0.2949486768788142
161,"Like life on the island, the movie grows boring despite the scenery.",0,-0.4995450143219118,-0.0098915651254204,-0.3065219197146259,-0.233329637222364,0.1985006322186746,0.1184524825456678,-1.1960662190252067,0.1391307116339181
43,How did it ever get made?,0,1.0493889238539085,-0.764365580286826,0.8652035298607156,0.4416267570746083,0.5353120203884021,3.2517150167516915,4.40161349529902,0.948056716756252
217,"With the exception of some fleetingly amusing improvisations by Cedric the Entertainer as Perry's boss, there isn't a redeeming moment here.",0,-0.0842304547808823,-0.3635197125255173,-1.0079492492634032,-0.1342799493547993,-0.4435152964594169,-0.5090538929701248,-0.2398041706519831,-0.5844882010502255
190,"A loud, ugly, irritating movie without any of its satirical salvos hitting a discernible target.",0,0.7189012606088923,-0.4674737283961833,-1.2592124947288532,0.8242626420098665,-0.0805489918616878,1.3480842380331295,0.8842587586519288,-0.0742311447025899
309,"While obviously an extremely personal work, it remains inextricably stuck in an emotionally unavailable rut.",1,-0.6060208099228287,0.1400983086164533,0.7941367961919616,0.7237273260648285,0.1490248675065044,0.8276205043366537,-0.6302199637418529,-0.260542193425898
259,The most compelling performance of the year adds substantial depth to this shocking testament to anti-Semitism and neo-fascism.,2,-0.5690018995918117,0.0464667671518022,0.6688694444595015,0.3743159770364508,-0.0200576079795981,0.1186295451035348,-0.2465895196428676,-0.3858300198171223
105,"Instead of hiding Pinocchio from critics, Miramax should have hidden it from everyone.",0,-1.4331415519933508,-0.6387310406193464,-0.3340439250061587,-0.1399578866541454,-0.6803066820476222,-0.3034818587381495,0.1076502417731454,-0.6625226664710182
53,"A lousy movie that's not merely unwatchable, but also unlistenable.",0,-0.662972979662854,-0.3881951178222683,-0.229067414079551,0.2566911711944225,-0.3902466963236911,-0.8036134721132826,-0.5047873640128717,-0.6967451303775887
1,"Beautifully crafted, engaging filmmaking that should attract upscale audiences hungry for quality and a nostalgic, twisty yarn that will keep them guessing.",2,-1.8361876763073768,0.4945467971425128,0.5389989361981792,0.5083708484640141,0.5719752555154178,0.6219704144484941,-0.7278455464808649,0.3014006190913117
49,"The stupidest, most insulting movie of 2002's first quarter.",0,-1.152761639427072,0.7502351391515583,0.2285256388814332,-0.6518365113477675,0.4660210221099367,-0.9411959448876228,-1.2101113194589046,0.6579341935989393
80,... a bland murder-on-campus yawner.,0,1.9682172623263183,6.116130272991748,0.4256019376386923,5.728731745661908,4.685164761127818,0.2353367072035149,-0.4362397083340728,3.487649550765112
205,"More romantic, more emotional and ultimately more satisfying than the teary-eyed original.",2,-1.4913106484372232,0.2638129992716208,-0.8143441878983296,0.4363566071969056,0.2155337409695666,-0.386612179413816,-0.4586540734563451,-0.0664883690743962
34,"Beautifully observed, miraculously unsentimental comedy-drama.",2,-1.790625940515355,4.207867751184018,0.0393496159659151,2.384631852242529,3.625586545996404,0.8877663600183666,-1.912891049500569,2.946728366800419
263,... think of it as American Pie On Valium.,1,0.8405643014738161,-0.1673136242685122,1.85059982456696,-0.1684280868805903,0.0285660489440621,0.4735156475644383,-0.8408478133778987,0.3850370986086309
91,Read My Lips is to be viewed and treasured for its extraordinary intelligence and originality as well as its lyrical variations on the game of love.,2,0.985135193890803,-0.9405784803577992,-1.4852089613842974,-0.6223528291528967,-0.9334869980129386,-0.7896315250685192,0.8022922304184167,-1.100443808529187
339,An exhilarating experience.,2,0.2140904343335368,0.8140436246911418,1.2028812334559444,3.2644732224449022,2.192105465685635,5.443974156258971,4.629880488936401,1.6150868759618977
52,"I did go back and check out the last 10 minutes, but these were more repulsive than the first 30 or 40 minutes.",0,-0.0038135194543864,-0.5123269358532477,-0.2141653022644215,-1.4020722248430972,-0.836210200947007,-1.66072575800886,-0.599482342325664,-0.400308027226424
345,"""Shamelessly resorting to pee-related sight gags that might even cause Tom Green a grimace still, Myer's energy and the silliness of it all eventually prevail.""",1,-0.0410552861017767,-0.3978467519147922,0.5646044482152738,0.088132796493867,-0.3934062847009636,-0.1204102687905175,0.2271384996428381,-0.559905777137818
264,Gere gives a good performance in a film that doesn't merit it.,1,0.8405643014738161,-0.5141458918458638,1.3477947901324785,-1.0892937878230005,-0.6033754535874128,-0.4344039238626168,0.1369309563239948,-0.1713609928387569
241,Narc is a no-bull throwback to 1970s action films.,2,-0.0896544709465987,1.216208700395576,-0.5389816117887085,-0.040850693055607,1.0365059281084532,0.3236334955371989,-1.0424265092892688,0.9397067456283166
13,"The movie's plot is almost entirely witless and inane, carrying every gag two or three times beyond its limit to sustain a laugh.",0,-1.3112372421819256,0.2610982322031883,0.8320475439325069,-0.570291451692606,0.1347173845455672,-0.4908459219201634,-1.1094619317107346,0.6556732023429994
315,"The film feels formulaic, its plot and pacing typical Hollywood war-movie stuff, while the performances elicit more of a sense of deja vu than awe.",0,-0.697144281506869,-0.1190366832214499,0.8336835269127061,-0.0654252444432056,-0.2238071182058056,-0.1647742188433282,-0.3686215614939593,-0.3049253268906198
88,"Even as I valiantly struggled to remain interested, or at least conscious, I could feel my eyelids... getting... very... heavy...",0,0.4646799811896491,-0.6355332698602733,-1.1597248971105512,0.1963828493865149,-0.5225443364247614,0.0631237346726853,0.7500930867305612,-0.7649487266424502
273,"Circuit queens won't learn a thing, they'll be too busy cursing the film's strategically placed white sheets.",1,-0.6040107333437691,-0.6640596225384404,0.7576742107323398,-0.5731461351015468,-0.6613614887545043,-0.3544100199484305,0.340294441439013,-0.7859955398014008
166,The only entertainment you'll derive from this choppy and sloppy affair will be from unintentional giggles -- several of them.,0,0.4020325944756215,-0.4090829937123197,-0.9531221088247251,-0.8389766401895286,-0.5203849292999327,-0.6392560215775726,-0.1950390675638586,-0.3944354211945876
328,"... by the time it's done with us, Mira Nair's new movie has its audience giddy with the delight of discovery, of having been immersed in a foreign culture only to find that human nature is pretty much the same all over.",2,1.5158543141055445,-1.2748173177333704,0.4640425069426528,-1.1157048371459188,-1.2651124612739346,-0.850585520525128,1.4759934597343525,-1.2263848415333796
393,Its engaging simplicity is driven by appealing leads.,2,0.6697077922537401,0.2702219658331869,1.022825128283864,1.3892734375803513,0.6469216845729528,1.2533006293854965,-0.6110729765397839,0.9990912714930592
134,Festers in just such a dungpile that you'd swear you were watching monkeys flinging their feces at you.,0,-0.7604244701068973,-0.2821072878199122,-1.422957351488595,-0.5867459958964254,-0.3549106696909339,-0.3371620641656301,-0.0362625543457509,-0.2875547413703813
306,Ford deserves to be remembered at Oscar time for crafting this wonderful portrait of a conflicted soldier.,2,0.508901665928962,-0.6316944193762701,0.9609655309732408,0.0515745981621491,-0.5400596827367147,-0.0275355411290758,1.100266606621001,-0.9157990184043532
383,But what's nice is that there's a casual intelligence that permeates the script.,2,0.985135193890803,-0.492776951899929,0.2875098025900528,-0.63849886933128,-0.5627383861491189,-0.7690106003712218,0.1417144380001405,-0.8326500163552872
319,Returning director Rob Minkoff... and screenwriter Bruce Joel Rubin... have done a fine job of updating White's dry wit to a new age.,2,0.1348526329561095,-0.6647745211096341,1.3067771985554313,-0.67045212237487,-0.9749382350581224,-1.3522495456854264,-0.2746341348623767,-0.6044971974532428
243,"The wonderful combination of the sweetness and the extraordinary technical accomplishments of the first film are maintained, but its overall impact falls a little flat with a storyline that never quite delivers the original magic.",1,0.0510083482843207,-0.8005313651385081,-1.7705404407822447,-0.7019549871418761,-0.9415821786664568,-0.8283672412426794,0.6249042008948539,-1.1797418640894732
54,One of the best films of the year with its exploration of the obstacles to happiness faced by five contemporary individuals... a psychological masterpiece.,2,0.631739679093723,0.2166816446115661,-0.2380897223079582,0.1502173490557951,-0.0090350910382321,0.0052744117781706,-0.4446216447711917,-0.2798937799410467
50,The film seems a dead weight.,0,0.441899113293638,1.143896941520903,1.091138156882217,0.1706392403033374,1.2222556063350134,0.6345172065930337,-0.3372950208620541,1.341694709548038
174,"Hey Arnold! is now stretched to barely feature length, with a little more attention paid to the animation.",1,-1.5071306955872297,0.48766259004751,-0.9099457369166956,-0.7976783587347951,0.1333775172831774,-0.4865698398802901,-1.1257297622694356,0.2022345630824115
189,"Blade II has a brilliant director and charismatic star, but it suffers from rampant vampire devaluation.",1,-0.6745491272078368,-0.1564259140548799,-1.4999277143761336,0.2455223139382087,0.0225675195589468,0.0517398632816574,-0.043626488378851,0.0087393324444354
397,"It's not a particularly good film, but neither is it a monsterous one.",1,4.244551677473793,-0.0114622952055619,1.8331761371598416,0.6659551404147999,0.301462787652735,-0.2450239341493997,1.1296227306892532,-0.0483760374640442
187,After that it becomes long and tedious like a classroom play in a college history course.,0,1.1799043128414668,-0.6155959616279331,-0.9194404590622592,-0.64115157276696,-0.2913156640524362,-0.417119878581382,0.5440948919659626,-0.1383706116989803
169,Attal pushes too hard to make this a comedy or serious drama.,0,-0.4009929988587369,-0.0230973328362406,-0.8918061524397198,-0.2173273597946606,0.262593821585109,-0.0914951738196313,-0.1988840559925401,0.5046337641084596
58,It's a fanboy `what if?',1,-0.5877961156060196,2.3891950191325195,0.3326373767739697,0.6243782524987124,2.577522648096182,1.8078817594826675,-1.0956126344984578,2.407033316628376
48,It depends on how well flatulence gags fit into your holiday concept.,1,0.1096781231434906,0.0200783526382719,-0.1546149712982168,-0.0815823616459052,0.0375025236525224,-0.1889980857153363,-0.9759053039080184,-0.0776287234698425
344,Godard's ode to tackling life's wonderment is a rambling and incoherent manifesto about the vagueness of topical excess... In Praise of Love remains a ponderous and pretentious endeavor that's unfocused and tediously exasperating.,0,0.1726706745226088,-0.4694030017316223,0.6648816474523048,1.0478322602224206,-0.2746728093893056,0.6375263391094933,0.2425350718997245,-0.6765473545434834
235,The film is darkly funny in its observation of just how much more grueling and time-consuming the illusion of work is than actual work.,2,1.1433600039249507,-0.1799354683995991,-1.0129059345118885,-0.2014699088678354,-0.3022707337004215,-0.4212685627595997,-0.2811504913233312,-0.3018487132735523
252,"Although the sequel has all the outward elements of the original, the first film's lovely flakiness is gone, replaced by the forced funniness found in the dullest kiddie flicks.",0,0.5298199694970738,-0.4642483397781789,0.4043294575739617,0.0424722684127976,-0.3072584398467233,0.8090117854937515,1.0803846440434888,-0.4946164157648278
21,The film is so bad it doesn't improve upon the experience of staring at a blank screen.,0,1.0248213212209565,-0.8444012141424797,0.4307077693375525,-0.4268643941548629,-0.5951028438690095,0.5581164504838597,1.303121156280474,0.2887376162047686
313,One of the most exciting action films to come out of China in recent years.,2,0.9430782070058612,-1.4707889241310133,1.6259133312266778,-0.9383022687024576,-1.3071161092336288,-0.8487127304433189,1.5559926055516338,-1.1119744075847895
160,This is one of those war movies that focuses on human interaction rather than battle and action sequences... and it's all the stronger because of it.,2,0.6751543615012268,-1.2160484275736716,-0.5568052559508462,-0.6937516299799251,-1.0758108758307117,-0.2290711589750566,1.291824646512842,-1.049673274104168
276,The second coming of Harry Potter is a film far superior to its predecessor.,2,1.3892153279755497,-0.2903929306717152,0.796313796340903,-0.8022582274378238,-0.4310633419146779,-0.7719034909552215,-0.7718639176117802,-0.1133249814132399
191,"For VeggieTales fans, this is more appetizing than a side dish of asparagus.",2,-0.6109274583927385,1.3773838050103084,-0.3367536035194089,-0.0828662939511681,0.824245203547102,-0.9197841468261982,-1.2125331356686384,1.6170792433407253
293,It won't bust your gut -- and it's not intended to -- it's merely a blandly cinematic surgical examination of what makes a joke a joke.,1,1.5031808917183411,-1.1443859810609085,0.4464060905829947,-0.528404852591326,-1.069259532452427,-0.2930531342102943,1.1591803121851438,-1.0779990741110954
343,Distinctly sub-par... more likely to drown a viewer in boredom than to send any shivers down his spine.,0,1.580942508094146,-0.5456252455520625,1.2735419583771264,-0.4943425437404815,-0.6314924384767134,-0.3736897298582068,0.8329327218136023,-0.7806504694914222
257,Steers has an unexpectedly adamant streak of warm-blooded empathy for all his disparate Manhattan denizens -- especially the a**holes.,1,-0.6326384555697455,0.4536974714946726,0.1782124933525641,0.7216794205935418,0.3635978217082497,0.7672975256988295,-1.0123942066001868,-0.0280019238489095
308,"It's a bizarre curiosity memorable mainly for the way it fritters away its potentially interesting subject matter via a banal script, unimpressive acting and indifferent direction.",1,-0.8022867487192233,-0.2488651028382222,0.3438829169815431,0.0701737651177939,-0.2286836901481034,0.6894898150077668,0.204007665868438,-0.3679038565218577
149,The immersive powers of the giant screen and its hyper-realistic images are put to perfect use in the breathtakingly beautiful outer-space documentary Space Station 3D.,2,-0.6379140249772423,-0.3340768535614121,-0.117322057504479,-0.6059745280439413,-0.6400663777439038,-1.1960843299730568,-0.0407234590168425,0.1322461355423221
130,"It's as if you're watching a movie that was made in 1978 but not released then because it was so weak, and it has been unearthed and released now, when it has become even weaker.",0,0.9658590749018714,-0.7984560299557998,-1.2503176477788671,-1.119225636298871,-0.9957459404107551,-1.3573988731323483,0.4578155038795439,-0.9155256777979968
151,"Harris is supposed to be the star of the story, but comes across as pretty dull and wooden.",1,0.5987673702968661,-1.4306281101497884,0.3267910515170702,-1.5053842482757815,-1.3860768692989185,-1.4433145164072336,1.401113769868345,-1.5142085993476648
359,"An amalgam of The Fugitive, Blade Runner, and Total Recall, only without much energy or tension.",1,-0.0991464992366024,-0.8128421916180064,0.508627961671374,-0.5363697307146129,-0.8536944618371628,-0.7322465433919884,0.2719864027574832,-1.082780922538897
99,"Rob Schneider's infantile cross-dressing routines fill The Hot Chick, the latest gimmick from this unimaginative comedian.",0,-2.291805034227579,1.2146692954167475,0.4943951350171862,0.3402092980374867,0.9656964858911148,-0.4269389444131536,-1.276992008517177,1.905087581930719
372,Those unfamiliar with Mormon traditions may find The Singles Ward occasionally bewildering.,1,-0.5832399420268184,0.3430573014012404,0.9591357026252352,0.1758025785695325,0.2858188020040461,-0.1204352372282537,-0.1848109200171962,-0.1130226171094967
87,It is intensely personal and yet -- unlike Quills -- deftly shows us the temper of the times.,2,1.6758627909941883,0.3494610471125868,-0.8605441513576081,0.0426341061737649,0.105976918688542,-0.6653888072845232,-0.7623415574564457,-0.0135584025799415
330,Girls gone wild and gone civil again,1,-1.8687317733016768,0.3546923390319191,0.8826177094466251,-0.0010776029480215,0.504934999820375,0.8970639687979702,-1.0202323441856442,0.715283018891576
214,"It never is, not fully.",1,-0.5604590741308081,2.9401722261333427,-0.4972025960841381,0.7645330479621136,3.80839445911532,4.1005171243860525,-0.3064048963318623,3.973983258281104
121,The simplicity of The Way Home has few equals this side of Aesop.,1,0.1177098393888788,0.7821636215830811,-1.4001516487839254,0.4107888627143167,1.050377486868178,0.5325718026500642,-0.3875938079929853,1.0239316805444123
399,Martyr gets royally screwed and comes back for more.,1,0.0284685477734541,-0.6552289273110526,0.8773209886863009,-0.3304979117429116,-0.736235249074323,0.321560960052437,1.206279376853225,-0.8066197226481852
20,"A first-class, thoroughly involving B movie that effectively combines two surefire, beloved genres -- the prison flick and the fight film.",2,-0.1438946326037658,0.6284735270836433,0.078479448501693,1.0610644525563473,0.6782988879781925,1.2067631019044929,-0.4478907864198784,0.4774124394950903
188,"This is cool, slick stuff, ready to quench the thirst of an audience that misses the summer blockbusters.",2,-0.4123834328067416,-1.223110633102984,-0.5568160502978358,-0.5625111758945424,-0.8504918831683002,0.7448300012074643,2.404847845326544,-0.5524168534343532
71,"Whatever heartwarming scene the impressively discreet filmmakers may have expected to record with their mini DV, they show a remarkable ability to document both sides of this emotional car-wreck.",2,-0.952447111375948,0.6068015018085606,-1.2733663362428005,-0.1076167503625905,0.3900554457867989,0.06108269678643,-0.5118724520515833,0.4094761452454932
106,What a great shame that such a talented director as Chen Kaige has chosen to make his English-language debut with a film so poorly plotted and scripted.,0,-0.1107478671466076,-0.8685832074797454,-0.9690588549577804,-0.5805909015497444,-0.8757533808505782,-0.4349752062953848,0.7716989225092767,-0.8822670077839317
270,"If you enjoy being rewarded by a script that assumes you aren't very bright, then Blood Work is for you.",0,1.5436071968201286,-1.1515483075345236,0.463124571766891,-0.5629338299401512,-0.9160553568535812,0.1027224117153048,1.8062150743145235,-0.8939702534799533
348,"Bogdanovich taps deep into the Hearst mystique, entertainingly reenacting a historic scandal.",2,-1.7222833368273258,0.1651469987212143,0.487907033883825,1.4198699389724778,0.2923167094694985,0.7202225298239231,-0.43323314861073,0.153662264506071
102,At 78 minutes it just zings along with vibrance and warmth.,2,-0.0137182446265644,-0.5177803494339608,-0.174604323267064,-0.4202951787346337,-0.3685494522668311,0.4638995346939898,0.7858945228663413,-0.3071638888197635
