id,SentLen,omissionRate,nFixations,meanPupilSize,GD,TRT,FFD,SFD,GPT
0,22.0,0.3181818181818182,3.4,681.8522222222222,145.2,391.6666666666667,99.8,18.133333333333333,408.0
1,22.0,0.22727272727272727,2.235294117647059,679.3294117647058,155.64705882352942,293.8235294117647,136.35294117647058,45.8235294117647,303.8235294117647
2,16.0,0.25,1.8333333333333333,696.7416666666667,101.25,196.66666666666666,101.25,50.583333333333336,255.41666666666666
3,5.0,0.0,4.0,709.9888888888888,117.0,478.4,117.0,0.0,506.2
4,13.0,0.15384615384615385,4.545454545454546,707.6756684491978,149.36363636363637,562.5454545454545,115.72727272727273,19.727272727272727,964.3636363636364
5,16.0,0.0,1.9375,699.1802083333332,128.0,227.25,112.5625,58.1875,277.5
6,19.0,0.3157894736842105,3.3076923076923075,779.9153846153846,154.23076923076923,373.3076923076923,132.53846153846155,19.0,494.0
7,11.0,0.18181818181818182,1.8888888888888888,782.0185185185186,112.55555555555556,213.0,112.55555555555556,36.666666666666664,255.55555555555554
8,28.0,0.35714285714285715,1.8333333333333333,748.2777777777778,112.33333333333333,194.33333333333334,98.5,44.611111111111114,229.38888888888889
9,21.0,0.23809523809523808,3.375,767.4581845238095,122.3125,390.25,107.375,28.0625,419.8125
10,18.0,0.3333333333333333,2.5833333333333335,800.1041666666666,108.83333333333333,277.75,108.83333333333333,35.25,373.9166666666667
11,7.0,0.2857142857142857,3.0,833.7433333333335,114.6,371.4,102.2,13.2,396.6
12,7.0,0.14285714285714285,3.6666666666666665,829.6964285714286,105.33333333333333,471.0,92.5,42.666666666666664,590.8333333333334
13,23.0,0.391304347826087,1.2857142857142858,791.952380952381,116.57142857142857,140.78571428571428,111.92857142857143,89.42857142857143,166.42857142857142
14,8.0,0.5,2.0,789.625,109.75,282.25,109.75,60.25,282.25
15,21.0,0.23809523809523808,1.625,744.3020833333334,126.75,180.0,122.75,50.75,293.625
16,13.0,0.15384615384615385,2.8181818181818183,735.3772727272727,102.45454545454545,315.72727272727275,94.27272727272727,6.545454545454546,724.5454545454545
17,36.0,0.25,1.962962962962963,768.8703703703703,111.22222222222223,208.07407407407408,104.88888888888889,36.0,258.74074074074076
18,28.0,0.25,3.0476190476190474,732.9286848072562,142.38095238095238,344.14285714285717,124.57142857142857,26.095238095238095,380.76190476190476
19,25.0,0.2,2.25,720.875,115.75,253.05,109.5,25.6,310.35
20,21.0,0.3333333333333333,1.9285714285714286,741.595238095238,131.35714285714286,244.21428571428572,118.35714285714286,70.85714285714286,339.92857142857144
21,17.0,0.35294117647058826,1.4545454545454546,746.6969696969696,121.0909090909091,182.54545454545453,121.0909090909091,88.0909090909091,210.72727272727272
22,16.0,0.25,3.4166666666666665,765.1297008547008,152.25,387.0,108.58333333333333,31.166666666666668,533.1666666666666
23,6.0,0.3333333333333333,1.5,779.75,106.0,176.5,106.0,53.75,214.25
24,7.0,0.14285714285714285,2.6666666666666665,722.9499999999999,152.83333333333334,340.1666666666667,121.5,42.666666666666664,474.8333333333333
25,12.0,0.08333333333333333,2.5454545454545454,706.6848484848485,118.36363636363636,270.6363636363636,98.45454545454545,27.181818181818183,332.54545454545456
26,8.0,0.375,2.2,728.5600000000001,96.8,295.8,96.8,47.4,375.2
27,10.0,0.1,3.4444444444444446,706.1037037037037,102.22222222222223,412.0,93.88888888888889,18.11111111111111,438.55555555555554
28,9.0,0.3333333333333333,1.5,714.5277777777777,70.16666666666667,187.33333333333334,70.16666666666667,49.5,187.33333333333334
29,27.0,0.4444444444444444,1.8,749.6444444444445,113.66666666666667,182.4,102.93333333333334,45.2,312.6
30,16.0,0.1875,2.923076923076923,715.75,99.07692307692308,313.0,84.53846153846153,4.923076923076923,417.2307692307692
31,23.0,0.17391304347826086,1.736842105263158,732.061403508772,139.52631578947367,193.1578947368421,113.89473684210526,55.05263157894737,280.63157894736844
32,17.0,0.35294117647058826,1.3636363636363635,706.4545454545455,140.36363636363637,184.0909090909091,124.81818181818181,78.81818181818181,212.27272727272728
33,21.0,0.3333333333333333,1.7142857142857142,736.0119047619047,134.5,193.92857142857142,125.57142857142857,69.0,221.07142857142858
34,5.0,0.0,3.2,705.4799999999999,149.6,364.0,131.8,0.0,379.6
35,26.0,0.2692307692307692,2.0526315789473686,721.2456140350878,110.26315789473684,195.8421052631579,98.52631578947368,31.94736842105263,200.10526315789474
36,28.0,0.2857142857142857,2.3,708.7035714285714,123.6,246.5,97.05,36.6,293.75
37,11.0,0.18181818181818182,2.888888888888889,715.4259259259259,119.66666666666667,309.8888888888889,112.66666666666667,15.555555555555555,499.6666666666667
38,22.0,0.22727272727272727,1.7647058823529411,700.7156862745097,98.58823529411765,170.0,93.6470588235294,43.64705882352941,213.1764705882353
39,17.0,0.23529411764705882,1.9230769230769231,761.9102564102564,96.0,192.23076923076923,96.0,36.69230769230769,333.61538461538464
40,3.0,1.0,0.0,0.0,0.0,0.0,0.0,0.0,0.0
41,6.0,1.0,0.0,0.0,0.0,0.0,0.0,0.0,0.0
42,9.0,0.4444444444444444,2.0,711.14,164.4,248.0,127.4,75.8,364.6
43,6.0,0.6666666666666666,1.0,754.5,254.5,254.5,254.5,254.5,435.0
44,11.0,0.6363636363636364,1.75,704.125,120.5,220.5,120.5,38.75,281.0
45,19.0,0.6842105263157895,1.5,711.8333333333334,103.0,140.66666666666666,103.0,68.83333333333333,221.66666666666666
46,11.0,0.45454545454545453,1.5,712.75,110.5,154.33333333333334,98.5,58.333333333333336,324.0
47,7.0,0.7142857142857143,1.5,695.25,190.5,240.5,190.5,123.0,363.5
48,12.0,0.75,1.3333333333333333,694.6666666666666,136.33333333333334,136.33333333333334,97.33333333333333,58.666666666666664,136.33333333333334
49,9.0,0.2222222222222222,2.5714285714285716,761.0238095238095,88.71428571428571,284.0,88.71428571428571,41.0,362.2857142857143
50,6.0,0.3333333333333333,3.0,737.6904761904763,152.25,363.0,122.0,66.25,478.25
51,29.0,0.13793103448275862,2.64,688.2826666666666,115.32,259.96,99.32,23.4,428.8
52,23.0,0.30434782608695654,1.875,737.28125,101.5625,190.625,101.5625,50.0625,302.9375
53,10.0,0.3,1.7142857142857142,747.7380952380953,183.71428571428572,203.42857142857142,121.71428571428571,49.0,245.0
54,24.0,0.375,2.6666666666666665,734.2277777777778,132.93333333333334,300.3333333333333,118.33333333333333,28.2,320.1333333333333
55,31.0,0.3225806451612903,3.0476190476190474,687.7630385487528,122.61904761904762,345.76190476190476,101.14285714285714,38.095238095238095,389.2857142857143
56,9.0,0.2222222222222222,2.2857142857142856,758.1904761904763,119.42857142857143,279.7142857142857,119.42857142857143,24.428571428571427,470.2857142857143
57,13.0,0.07692307692307693,2.5,805.4444444444443,111.41666666666667,291.9166666666667,111.41666666666667,62.583333333333336,382.5833333333333
58,5.0,0.4,4.0,780.9444444444445,121.66666666666667,554.0,121.66666666666667,51.666666666666664,554.0
59,12.0,0.25,1.4444444444444444,740.4259259259259,112.66666666666667,162.22222222222223,106.88888888888889,67.22222222222223,276.8888888888889
60,16.0,0.3125,2.727272727272727,799.6536796536795,186.0909090909091,347.1818181818182,143.9090909090909,39.27272727272727,381.3636363636364
61,33.0,0.24242424242424243,2.36,798.5593333333334,130.72,250.8,111.8,31.36,309.08
62,26.0,0.4230769230769231,2.4,711.8555555555555,146.06666666666666,290.26666666666665,120.0,46.46666666666667,303.06666666666666
63,7.0,0.2857142857142857,2.8,683.5,129.8,347.0,114.2,62.6,369.2
64,13.0,0.38461538461538464,3.625,740.2708333333333,124.875,379.375,113.875,0.0,379.375
65,22.0,0.2727272727272727,2.1875,712.5833333333334,100.375,204.1875,88.4375,26.0625,228.625
66,11.0,0.18181818181818182,2.7777777777777777,731.0685185185185,128.44444444444446,324.1111111111111,113.33333333333333,15.11111111111111,473.8888888888889
67,14.0,0.21428571428571427,4.0,744.9924242424244,115.45454545454545,427.45454545454544,115.45454545454545,47.27272727272727,662.2727272727273
68,28.0,0.2857142857142857,1.7,705.0833333333333,136.7,220.55,116.25,65.65,295.35
69,40.0,0.25,1.8666666666666667,743.9977777777779,117.53333333333333,197.43333333333334,96.66666666666667,42.86666666666667,223.13333333333333
70,33.0,0.2727272727272727,2.2083333333333335,702.2375000000001,112.29166666666667,244.95833333333334,100.625,39.166666666666664,280.7916666666667
71,29.0,0.2413793103448276,3.1818181818181817,703.3916666666667,133.36363636363637,333.5,101.0909090909091,18.454545454545453,589.5454545454545
72,16.0,0.4375,1.2222222222222223,693.2592592592592,120.88888888888889,140.22222222222223,120.88888888888889,107.22222222222223,147.22222222222223
73,19.0,0.42105263157894735,2.090909090909091,730.2878787878788,113.18181818181819,246.72727272727272,106.72727272727273,46.36363636363637,491.90909090909093
74,24.0,0.2916666666666667,3.1176470588235294,769.8449197860963,135.64705882352942,347.11764705882354,110.11764705882354,17.529411764705884,360.29411764705884
75,14.0,0.42857142857142855,2.0,705.125,126.625,223.375,104.25,30.25,231.25
76,13.0,0.23076923076923078,4.1,727.3566666666667,133.8,460.0,127.7,9.3,707.4
77,24.0,0.4166666666666667,2.642857142857143,741.7809523809525,107.42857142857143,275.42857142857144,99.64285714285714,40.57142857142857,300.42857142857144
78,13.0,0.3076923076923077,2.2222222222222223,714.9550264550265,114.66666666666667,233.11111111111111,108.66666666666667,59.666666666666664,490.0
79,9.0,0.2222222222222222,2.0,798.2142857142857,118.85714285714286,244.14285714285714,118.85714285714286,52.142857142857146,321.7142857142857
80,5.0,0.6,6.0,779.3333333333333,318.5,692.0,89.5,0.0,692.0
81,23.0,0.2608695652173913,2.0588235294117645,729.2009803921569,130.47058823529412,219.05882352941177,109.05882352941177,52.76470588235294,298.0
82,12.0,0.4166666666666667,2.4285714285714284,795.8380952380952,133.42857142857142,294.42857142857144,125.71428571428571,65.85714285714286,308.2857142857143
83,13.0,0.3076923076923077,1.6666666666666667,754.6851851851851,177.66666666666666,206.44444444444446,133.55555555555554,101.77777777777777,214.77777777777777
84,36.0,0.25,2.5555555555555554,737.6824074074074,111.11111111111111,266.037037037037,108.62962962962963,22.59259259259259,351.962962962963
85,23.0,0.391304347826087,2.7857142857142856,738.1797619047619,138.64285714285714,348.5,116.07142857142857,36.857142857142854,348.5
86,15.0,0.2,3.3333333333333335,848.4569444444445,119.25,394.0833333333333,107.41666666666667,25.25,653.1666666666666
87,18.0,0.3888888888888889,2.272727272727273,739.8993506493506,86.54545454545455,263.8181818181818,86.54545454545455,41.63636363636363,295.1818181818182
88,20.0,0.5,1.9,731.8,128.5,249.3,122.6,90.7,249.3
89,5.0,0.8,7.0,782.7142857142857,863.0,863.0,128.0,0.0,863.0
90,14.0,0.35714285714285715,1.3333333333333333,737.6666666666666,134.33333333333334,153.66666666666666,115.77777777777777,66.44444444444444,162.55555555555554
91,26.0,0.34615384615384615,1.411764705882353,798.8235294117648,122.3529411764706,153.52941176470588,118.11764705882354,89.23529411764706,187.05882352941177
92,26.0,0.4230769230769231,2.1333333333333333,791.2777777777778,133.86666666666667,224.06666666666666,110.06666666666666,57.93333333333333,231.66666666666666
93,10.0,0.1,2.2222222222222223,708.3703703703703,149.22222222222223,278.44444444444446,149.22222222222223,45.22222222222222,357.77777777777777
94,8.0,0.25,1.5,711.5,121.16666666666667,196.0,108.16666666666667,90.16666666666667,344.6666666666667
95,21.0,0.23809523809523808,2.5625,734.04375,107.1875,272.3125,107.1875,43.3125,407.4375
96,21.0,0.3333333333333333,2.357142857142857,834.85,122.0,277.2857142857143,107.5,40.57142857142857,295.2142857142857
97,4.0,0.5,2.0,872.0,192.5,243.0,124.5,36.5,279.5
98,23.0,0.2608695652173913,2.588235294117647,764.0428571428572,126.70588235294117,283.0,106.6470588235294,32.470588235294116,441.7647058823529
99,16.0,0.0625,2.7333333333333334,687.0022222222221,139.73333333333332,303.26666666666665,114.4,29.466666666666665,487.26666666666665
100,23.0,0.34782608695652173,2.2666666666666666,692.4934640522877,152.06666666666666,311.53333333333336,120.8,97.4,341.1333333333333
101,20.0,0.35,2.4615384615384617,713.8051282051282,149.15384615384616,287.6923076923077,115.38461538461539,37.61538461538461,342.7692307692308
102,11.0,0.18181818181818182,1.6666666666666667,741.7222222222222,108.66666666666667,190.88888888888889,108.66666666666667,38.77777777777778,234.88888888888889
103,28.0,0.2857142857142857,1.35,707.1875,122.65,151.7,115.75,88.0,212.45
104,20.0,0.1,2.888888888888889,783.1398589065257,130.16666666666666,403.1111111111111,119.38888888888889,57.0,699.5
105,13.0,0.15384615384615385,1.6363636363636365,916.2727272727273,134.63636363636363,205.0909090909091,114.0909090909091,54.81818181818182,236.9090909090909
106,27.0,0.2962962962962963,1.5263157894736843,762.2982456140351,121.57894736842105,163.8421052631579,110.73684210526316,66.73684210526316,173.26315789473685
107,15.0,0.3333333333333333,2.1,738.3783333333333,127.5,240.4,109.2,63.0,312.3
108,13.0,0.38461538461538464,2.125,797.09375,107.875,268.375,107.875,67.625,407.0
109,23.0,0.2608695652173913,2.0588235294117645,751.4627450980394,132.58823529411765,239.7058823529412,108.88235294117646,51.64705882352941,260.94117647058823
110,14.0,0.35714285714285715,1.5555555555555556,785.3333333333334,125.88888888888889,172.33333333333334,118.11111111111111,54.333333333333336,275.6666666666667
111,10.0,0.3,2.2857142857142856,900.904761904762,128.85714285714286,293.14285714285717,128.85714285714286,33.285714285714285,349.7142857142857
112,20.0,0.15,2.7058823529411766,777.9480392156863,126.11764705882354,307.3529411764706,111.23529411764706,23.941176470588236,439.52941176470586
113,20.0,0.45,1.8181818181818181,695.4393939393939,159.36363636363637,198.36363636363637,101.63636363636364,49.09090909090909,327.72727272727275
114,21.0,0.38095238095238093,1.8461538461538463,696.7051282051283,143.53846153846155,206.07692307692307,117.3076923076923,70.53846153846153,234.92307692307693
115,20.0,0.55,1.6666666666666667,698.7407407407408,162.0,202.0,122.0,71.88888888888889,224.33333333333334
116,17.0,0.17647058823529413,2.2857142857142856,684.547619047619,114.85714285714286,245.5,105.21428571428571,36.357142857142854,274.0
117,25.0,0.2,2.3,706.6416666666667,128.45,258.35,112.1,25.6,360.2
118,14.0,0.14285714285714285,2.5833333333333335,728.6319444444443,103.58333333333333,275.25,103.58333333333333,23.666666666666668,354.25
119,28.0,0.42857142857142855,1.6875,719.6979166666667,111.4375,184.125,107.375,59.75,198.3125
120,29.0,0.27586206896551724,1.9523809523809523,735.5357142857143,103.0952380952381,208.61904761904762,100.61904761904762,54.714285714285715,293.6190476190476
121,13.0,0.3076923076923077,2.0,722.9444444444446,84.0,211.11111111111111,84.0,17.88888888888889,249.11111111111111
122,9.0,0.1111111111111111,2.75,702.7,128.375,331.25,118.75,17.875,490.875
123,14.0,0.2857142857142857,2.8,760.7666666666667,124.4,323.6,107.5,33.5,600.5
124,11.0,0.36363636363636365,2.857142857142857,754.5595238095237,171.85714285714286,385.2857142857143,107.71428571428571,44.0,392.7142857142857
125,13.0,0.5384615384615384,3.0,792.6055555555555,120.16666666666667,365.3333333333333,103.0,18.333333333333332,696.8333333333334
126,6.0,0.16666666666666666,4.8,841.8333333333333,152.6,619.2,106.8,0.0,771.2
127,32.0,0.28125,2.347826086956522,750.6503623188405,105.04347826086956,258.3478260869565,94.95652173913044,28.217391304347824,334.0
128,15.0,0.26666666666666666,2.5454545454545454,702.9545454545455,133.72727272727272,270.27272727272725,116.27272727272727,28.818181818181817,327.3636363636364
129,26.0,0.15384615384615385,3.272727272727273,760.9097402597403,163.5909090909091,386.90909090909093,111.86363636363636,21.772727272727273,503.40909090909093
130,35.0,0.34285714285714286,2.0,713.7579710144928,114.47826086956522,200.34782608695653,98.6086956521739,51.21739130434783,267.69565217391306
131,13.0,0.23076923076923078,2.5,730.1,118.2,259.0,99.4,20.0,259.0
132,18.0,0.2222222222222222,2.357142857142857,716.8630952380953,128.07142857142858,280.14285714285717,122.14285714285714,41.857142857142854,464.7857142857143
133,13.0,0.3076923076923077,1.7777777777777777,712.5833333333334,95.77777777777777,182.11111111111111,95.77777777777777,63.0,305.3333333333333
134,18.0,0.2222222222222222,2.4285714285714284,755.547619047619,106.85714285714286,281.57142857142856,100.5,20.5,552.4285714285714
135,3.0,0.3333333333333333,2.5,775.25,196.0,527.5,122.0,59.0,527.5
136,9.0,0.4444444444444444,1.2,768.9,125.4,125.4,96.6,82.6,125.4
137,31.0,0.41935483870967744,1.5555555555555556,708.2962962962962,109.0,179.11111111111111,103.16666666666667,68.94444444444444,239.16666666666666
138,27.0,0.18518518518518517,1.3181818181818181,719.0530303030303,111.86363636363636,144.95454545454547,111.86363636363636,84.81818181818181,177.5
139,16.0,0.3125,2.3636363636363638,785.2575757575759,110.9090909090909,267.6363636363636,110.9090909090909,31.818181818181817,310.90909090909093
140,26.0,0.38461538461538464,1.6875,721.53125,102.25,178.3125,97.75,46.75,269.5625
141,19.0,0.3157894736842105,1.5384615384615385,689.2307692307693,97.15384615384616,153.53846153846155,97.15384615384616,46.07692307692308,210.3846153846154
142,25.0,0.4,3.0,691.8055555555554,130.86666666666667,328.26666666666665,110.06666666666666,17.6,399.0
143,13.0,0.15384615384615385,2.1818181818181817,672.2878787878788,123.54545454545455,268.27272727272725,123.54545454545455,37.09090909090909,344.0
144,15.0,0.26666666666666666,2.0,687.6969696969696,158.27272727272728,248.9090909090909,128.0,59.27272727272727,298.3636363636364
145,15.0,0.3333333333333333,1.9,707.3,99.4,203.8,93.2,42.2,203.8
146,18.0,0.2777777777777778,1.6923076923076923,718.8461538461538,104.53846153846153,175.46153846153845,98.07692307692308,39.69230769230769,203.23076923076923
147,24.0,0.375,2.1333333333333333,671.688888888889,133.6,233.6,111.13333333333334,52.2,458.8666666666667
148,5.0,0.2,3.5,732.125,158.75,495.25,117.75,18.25,513.5
149,25.0,0.16,2.1904761904761907,679.7714285714286,120.0952380952381,231.38095238095238,101.52380952380952,41.76190476190476,272.14285714285717
150,9.0,0.1111111111111111,2.75,747.6791666666667,113.625,333.125,113.625,21.625,490.75
151,18.0,0.2777777777777778,1.2307692307692308,751.8076923076923,108.23076923076923,133.69230769230768,108.23076923076923,88.6923076923077,174.3846153846154
152,8.0,0.375,1.4,715.1333333333333,146.8,221.0,129.4,84.8,221.0
153,38.0,0.15789473684210525,2.09375,702.4604166666667,114.375,217.90625,105.84375,33.21875,407.34375
154,21.0,0.3333333333333333,2.5,694.9557823129252,129.5,325.35714285714283,124.14285714285714,25.428571428571427,655.5
155,14.0,0.35714285714285715,1.8888888888888888,759.824074074074,111.88888888888889,194.44444444444446,104.55555555555556,44.666666666666664,283.1111111111111
156,5.0,0.4,5.0,727.4444444444445,185.0,653.3333333333334,144.66666666666666,0.0,653.3333333333334
157,10.0,0.2,2.375,760.35,120.875,287.125,120.875,26.0,368.625
158,21.0,0.2857142857142857,1.8,745.6380952380952,102.93333333333334,223.13333333333333,97.8,54.266666666666666,250.13333333333333
159,16.0,0.3125,2.272727272727273,850.6121212121211,107.36363636363636,267.90909090909093,107.36363636363636,39.81818181818182,314.6363636363636
160,26.0,0.46153846153846156,1.2142857142857142,777.2857142857143,107.5,134.21428571428572,102.0,79.42857142857143,144.0
161,12.0,0.16666666666666666,1.6,739.0333333333333,102.1,177.0,102.1,64.8,212.9
162,23.0,0.21739130434782608,2.5555555555555554,828.0194444444445,119.11111111111111,238.16666666666666,94.88888888888889,34.833333333333336,325.3333333333333
163,24.0,0.16666666666666666,2.7,896.0616666666667,129.7,332.7,122.8,20.05,537.5
164,14.0,0.2857142857142857,2.2,785.9300000000001,129.1,267.4,129.1,48.3,300.2
165,18.0,0.2777777777777778,1.6923076923076923,701.9923076923077,122.46153846153847,221.07692307692307,117.53846153846153,81.76923076923077,242.46153846153845
166,20.0,0.4,2.0,686.9444444444443,116.16666666666667,258.0,109.41666666666667,46.5,397.75
167,20.0,0.3,1.6428571428571428,708.3392857142857,105.14285714285714,180.5,105.14285714285714,48.142857142857146,213.14285714285714
168,23.0,0.5217391304347826,1.4545454545454546,735.0909090909091,144.0909090909091,162.27272727272728,111.0,77.0909090909091,176.36363636363637
169,12.0,0.4166666666666667,1.8571428571428572,769.1309523809523,129.85714285714286,246.57142857142858,107.14285714285714,62.42857142857143,246.57142857142858
170,24.0,0.2916666666666667,1.6470588235294117,741.3921568627452,118.82352941176471,191.88235294117646,111.58823529411765,73.11764705882354,212.8235294117647
171,7.0,0.5714285714285714,2.0,755.3333333333334,110.0,325.3333333333333,110.0,0.0,325.3333333333333
172,27.0,0.2222222222222222,2.9047619047619047,731.1402494331065,129.38095238095238,331.2857142857143,112.28571428571429,28.666666666666668,427.2857142857143
173,11.0,0.18181818181818182,3.2222222222222223,768.462962962963,144.88888888888889,408.55555555555554,112.77777777777777,22.666666666666668,418.6666666666667
174,18.0,0.3333333333333333,2.5833333333333335,737.9809523809523,119.5,296.8333333333333,119.5,61.25,345.75
175,8.0,0.25,1.6666666666666667,716.0,125.0,194.33333333333334,125.0,86.0,310.8333333333333
176,16.0,0.125,2.2857142857142856,767.3821428571429,141.64285714285714,250.57142857142858,104.71428571428571,33.785714285714285,289.2857142857143
177,16.0,0.25,2.0,740.9861111111112,130.25,252.25,121.41666666666667,32.0,298.6666666666667
178,19.0,0.21052631578947367,1.6666666666666667,746.5666666666667,121.13333333333334,201.8,121.13333333333334,80.13333333333334,253.06666666666666
179,18.0,0.2777777777777778,1.7692307692307692,724.0256410256411,141.69230769230768,202.69230769230768,116.46153846153847,56.92307692307692,253.76923076923077
180,18.0,0.3888888888888889,2.0,684.1439393939395,134.45454545454547,266.90909090909093,125.63636363636364,37.63636363636363,279.1818181818182
181,26.0,0.3076923076923077,2.111111111111111,794.174074074074,112.66666666666667,215.5,106.61111111111111,43.111111111111114,241.38888888888889
182,18.0,0.3888888888888889,2.1818181818181817,759.0909090909091,177.63636363636363,269.1818181818182,139.1818181818182,57.0,363.09090909090907
183,7.0,0.2857142857142857,1.8,754.1,162.0,307.0,90.6,30.6,466.2
184,14.0,0.35714285714285715,3.7777777777777777,758.6574074074074,172.77777777777777,435.0,105.33333333333333,16.555555555555557,473.55555555555554
185,16.0,0.1875,2.923076923076923,764.1709401709402,179.6153846153846,382.15384615384613,126.84615384615384,37.53846153846154,553.0
186,22.0,0.36363636363636365,1.6428571428571428,796.7380952380953,105.42857142857143,174.21428571428572,105.42857142857143,54.57142857142857,212.35714285714286
187,16.0,0.4375,1.6666666666666667,764.4351851851852,131.33333333333334,201.77777777777777,115.55555555555556,79.66666666666667,357.77777777777777
188,18.0,0.3333333333333333,2.0,811.576388888889,116.91666666666667,221.66666666666666,102.66666666666667,48.75,332.5
189,16.0,0.3125,2.5454545454545454,730.5928571428572,184.45454545454547,324.54545454545456,115.0,49.90909090909091,402.0
190,15.0,0.4,2.3333333333333335,684.6666666666666,188.11111111111111,293.44444444444446,123.0,50.333333333333336,324.44444444444446
191,13.0,0.3076923076923077,2.4444444444444446,769.3814814814815,95.0,285.0,95.0,30.444444444444443,375.22222222222223
192,28.0,0.32142857142857145,2.4210526315789473,712.1700501253133,118.63157894736842,257.05263157894734,110.26315789473684,24.473684210526315,279.5263157894737
193,8.0,0.25,3.1666666666666665,684.1825396825398,105.66666666666667,358.6666666666667,105.66666666666667,17.833333333333332,371.5
194,24.0,0.20833333333333334,3.0,751.6315789473686,151.89473684210526,379.2631578947368,134.89473684210526,36.89473684210526,458.2631578947368
195,18.0,0.3333333333333333,1.8333333333333333,717.2361111111112,139.0,217.08333333333334,128.91666666666666,63.25,252.75
196,23.0,0.391304347826087,1.3571428571428572,697.9166666666667,150.92857142857142,166.5,120.07142857142857,84.07142857142857,214.57142857142858
197,31.0,0.25806451612903225,2.0869565217391304,709.2934782608696,104.56521739130434,215.47826086956522,94.52173913043478,44.30434782608695,247.52173913043478
198,5.0,0.4,4.0,774.0333333333334,74.0,505.0,74.0,0.0,612.3333333333334
199,30.0,0.3,1.7619047619047619,701.2619047619048,149.0952380952381,188.33333333333334,101.85714285714286,72.04761904761905,217.42857142857142
200,21.0,0.3333333333333333,1.0714285714285714,685.5714285714286,117.42857142857143,127.85714285714286,117.42857142857143,107.57142857142857,166.57142857142858
201,10.0,0.4,3.1666666666666665,701.6666666666666,154.0,384.0,112.83333333333333,30.666666666666668,535.3333333333334
202,6.0,0.3333333333333333,2.5,703.6666666666666,160.75,371.75,136.0,53.0,424.75
203,26.0,0.11538461538461539,2.130434782608696,650.2898550724638,142.0,269.7826086956522,123.91304347826087,61.26086956521739,302.69565217391306
204,12.0,0.08333333333333333,2.3636363636363638,656.1181818181818,133.54545454545453,276.1818181818182,133.54545454545453,67.18181818181819,321.0
205,12.0,0.3333333333333333,3.25,733.9142857142857,170.0,392.125,125.75,26.875,409.25
206,12.0,0.16666666666666666,2.0,704.1916666666667,145.5,236.4,110.3,37.2,291.4
207,10.0,0.3,2.0,736.4404761904763,118.0,234.42857142857142,104.28571428571429,45.857142857142854,246.14285714285714
208,18.0,0.1111111111111111,2.9375,739.1977678571428,162.875,348.5625,119.6875,40.125,482.75
209,18.0,0.3888888888888889,1.9090909090909092,717.3257575757575,179.27272727272728,236.45454545454547,111.0909090909091,58.27272727272727,236.45454545454547
210,25.0,0.44,1.5,689.0595238095237,141.07142857142858,168.85714285714286,119.0,77.28571428571429,197.71428571428572
211,24.0,0.4166666666666667,1.7142857142857142,716.5,123.5,207.71428571428572,100.57142857142857,53.214285714285715,244.64285714285714
212,34.0,0.20588235294117646,1.5925925925925926,643.567901234568,115.5925925925926,181.22222222222223,115.5925925925926,51.592592592592595,212.88888888888889
213,23.0,0.21739130434782608,2.0,669.0305555555556,117.77777777777777,212.33333333333334,113.77777777777777,59.05555555555556,232.77777777777777
214,5.0,0.4,4.0,682.2222222222222,141.33333333333334,657.0,141.33333333333334,0.0,909.6666666666666
215,31.0,0.3548387096774194,2.25,671.4563636363637,131.65,264.15,120.75,64.15,338.4
216,22.0,0.22727272727272727,2.2941176470588234,684.4362745098039,113.0,261.94117647058823,113.0,22.529411764705884,403.88235294117646
217,21.0,0.3333333333333333,1.8571428571428572,673.0119047619048,157.71428571428572,227.0,123.35714285714286,61.785714285714285,327.2142857142857
218,11.0,0.36363636363636365,2.4285714285714284,656.2142857142857,134.42857142857142,286.42857142857144,105.57142857142857,31.571428571428573,313.7142857142857
219,15.0,0.26666666666666666,1.6363636363636365,660.3484848484849,108.0,169.0,94.63636363636364,56.09090909090909,186.72727272727272
220,32.0,0.21875,1.88,731.5566666666666,110.32,213.12,104.64,40.68,248.96
221,40.0,0.3,1.75,676.2113095238094,114.25,189.60714285714286,107.25,51.642857142857146,241.07142857142858
222,10.0,0.4,2.1666666666666665,662.8611111111111,120.33333333333333,279.1666666666667,120.33333333333333,71.5,292.0
223,26.0,0.2692307692307692,2.0526315789473686,667.5175438596491,134.1578947368421,235.94736842105263,111.52631578947368,50.26315789473684,328.63157894736844
224,10.0,0.1,2.4444444444444446,675.3111111111111,155.11111111111111,306.77777777777777,143.77777777777777,47.0,498.77777777777777
225,8.0,0.375,4.8,742.3833333333333,157.2,558.8,113.2,0.0,558.8
226,26.0,0.2692307692307692,2.473684210526316,723.6035087719298,150.78947368421052,279.7368421052632,127.10526315789474,21.736842105263158,330.6842105263158
227,15.0,0.3333333333333333,2.7,714.575,129.4,270.0,104.8,57.7,319.5
228,15.0,0.2,2.9166666666666665,729.1875,130.75,311.1666666666667,111.25,37.833333333333336,445.3333333333333
229,20.0,0.2,2.1875,692.7520833333334,109.0625,256.25,100.5625,59.6875,314.5625
230,21.0,0.2857142857142857,3.533333333333333,670.0555555555554,151.33333333333334,455.53333333333336,129.4,37.53333333333333,537.2666666666667
231,24.0,0.16666666666666666,2.8,709.5222222222221,174.05,336.9,130.65,45.5,390.95
232,24.0,0.375,2.2,677.6633333333333,170.06666666666666,258.6666666666667,137.6,52.06666666666667,316.53333333333336
233,9.0,0.3333333333333333,2.1666666666666665,636.8055555555555,165.5,325.8333333333333,165.5,41.333333333333336,347.1666666666667
234,19.0,0.3157894736842105,2.1538461538461537,704.9076923076923,102.46153846153847,216.6153846153846,93.84615384615384,40.84615384615385,244.07692307692307
235,24.0,0.3333333333333333,2.0625,763.5312499999999,136.0625,230.625,117.0,52.125,277.1875
236,7.0,0.2857142857142857,2.4,738.3133333333333,145.8,278.2,114.8,33.6,278.2
237,20.0,0.35,2.230769230769231,737.8333333333333,97.53846153846153,241.69230769230768,97.53846153846153,27.846153846153847,320.9230769230769
238,27.0,0.3333333333333333,2.1666666666666665,700.9027777777778,123.77777777777777,247.05555555555554,105.83333333333333,26.22222222222222,263.44444444444446
239,23.0,0.43478260869565216,1.1538461538461537,666.6923076923077,126.38461538461539,143.6153846153846,126.38461538461539,108.61538461538461,203.15384615384616
240,13.0,0.23076923076923078,2.3,706.8333333333333,110.2,246.7,100.0,36.6,436.9
241,9.0,0.4444444444444444,3.4,689.2066666666667,136.8,348.6,104.6,0.0,433.2
242,4.0,0.25,2.6666666666666665,750.5,186.33333333333334,334.6666666666667,76.66666666666667,0.0,334.6666666666667
243,35.0,0.37142857142857144,1.5,713.4022727272727,131.54545454545453,163.5909090909091,110.72727272727273,83.0909090909091,178.04545454545453
244,25.0,0.36,1.4375,701.09375,130.75,170.6875,117.0,64.0,215.9375
245,43.0,0.6046511627906976,2.411764705882353,717.9156862745098,144.23529411764707,284.11764705882354,121.05882352941177,66.70588235294117,363.1764705882353
246,20.0,0.35,2.1538461538461537,676.75,117.76923076923077,255.0,108.07692307692308,33.0,360.0
247,13.0,0.5384615384615384,2.5,749.4916666666667,110.5,288.0,99.5,36.5,304.3333333333333
248,6.0,0.16666666666666666,2.8,767.6466666666668,140.2,348.0,140.2,52.4,400.4
249,21.0,0.42857142857142855,2.1666666666666665,750.7685185185186,132.91666666666666,248.33333333333334,114.75,52.5,264.0833333333333
250,15.0,0.2,1.6666666666666667,874.3472222222222,126.5,212.33333333333334,126.5,68.08333333333333,349.0833333333333
251,19.0,0.3157894736842105,1.6153846153846154,806.3333333333333,128.15384615384616,198.07692307692307,128.15384615384616,66.61538461538461,212.23076923076923
252,29.0,0.41379310344827586,1.411764705882353,752.0294117647059,129.94117647058823,195.35294117647058,129.94117647058823,90.05882352941177,195.35294117647058
253,25.0,0.24,2.1052631578947367,821.5444862155389,146.68421052631578,260.7894736842105,146.68421052631578,82.21052631578948,315.05263157894734
254,25.0,0.36,1.5,798.3645833333334,154.625,182.125,116.375,70.4375,191.25
255,11.0,0.18181818181818182,1.5555555555555556,842.962962962963,115.55555555555556,170.44444444444446,115.55555555555556,82.33333333333333,288.22222222222223
256,26.0,0.38461538461538464,1.4375,818.7604166666667,101.3125,139.5625,92.375,59.625,155.625
257,19.0,0.15789473684210525,1.8125,802.8479166666667,141.375,225.0625,128.6875,65.6875,248.0625
258,18.0,0.2222222222222222,1.9285714285714286,833.8333333333333,104.64285714285714,201.85714285714286,104.64285714285714,41.92857142857143,386.2142857142857
259,18.0,0.2777777777777778,1.4615384615384615,766.5384615384615,136.6153846153846,168.53846153846155,115.76923076923077,57.0,182.76923076923077
260,37.0,0.2972972972972973,1.8846153846153846,888.1089743589744,120.96153846153847,221.76923076923077,113.96153846153847,60.53846153846154,259.5
261,23.0,0.13043478260869565,1.95,876.6333333333332,128.3,215.7,117.4,59.95,305.55
262,16.0,0.5,1.25,890.0416666666667,149.875,191.25,149.875,137.875,215.0
263,9.0,0.4444444444444444,2.6,930.65,197.8,337.6,148.6,37.2,401.8
264,12.0,0.4166666666666667,1.5714285714285714,904.7857142857143,144.0,226.71428571428572,144.0,101.0,334.42857142857144
265,30.0,0.4,1.1666666666666667,922.1944444444445,107.66666666666667,123.38888888888889,107.66666666666667,93.83333333333333,136.94444444444446
266,6.0,0.3333333333333333,1.75,914.7916666666666,181.5,249.0,149.75,66.25,355.75
267,10.0,0.3,2.5714285714285716,1108.1666666666667,105.0,292.85714285714283,105.0,7.571428571428571,385.7142857142857
268,15.0,0.2,1.6666666666666667,905.6805555555555,94.91666666666667,171.58333333333334,94.91666666666667,60.583333333333336,202.91666666666666
269,20.0,0.4,1.3333333333333333,844.125,120.08333333333333,167.08333333333334,110.08333333333333,71.41666666666667,212.83333333333334
270,20.0,0.5,1.1,812.55,137.8,137.8,125.2,116.0,156.3
271,28.0,0.32142857142857145,1.894736842105263,703.7807017543859,95.21052631578948,175.0,90.84210526315789,43.36842105263158,243.78947368421052
272,10.0,0.4,2.3333333333333335,843.7083333333334,155.33333333333334,317.3333333333333,120.5,30.333333333333332,423.6666666666667
273,17.0,0.29411764705882354,1.6666666666666667,847.0416666666666,111.0,201.5,111.0,53.333333333333336,252.66666666666666
274,11.0,0.45454545454545453,1.1666666666666667,840.75,173.5,173.5,134.0,98.33333333333333,173.5
275,37.0,0.40540540540540543,1.2727272727272727,791.0590909090909,128.95454545454547,157.9090909090909,124.13636363636364,109.63636363636364,227.1818181818182
276,14.0,0.35714285714285715,2.4444444444444446,825.2037037037038,101.88888888888889,252.88888888888889,95.22222222222223,22.77777777777778,381.55555555555554
277,14.0,0.2857142857142857,1.2,820.7,167.9,176.5,148.2,123.1,176.5
278,32.0,0.46875,1.3529411764705883,785.2647058823529,118.58823529411765,145.05882352941177,109.41176470588235,70.3529411764706,198.23529411764707
279,34.0,0.5588235294117647,1.4,795.2888888888889,110.66666666666667,132.86666666666667,97.4,65.6,165.2
280,35.0,0.5714285714285714,1.2666666666666666,865.8666666666667,159.86666666666667,170.4,147.2,102.33333333333333,190.13333333333333
281,7.0,0.2857142857142857,1.4,1058.6,97.6,165.8,97.6,54.0,271.0
282,40.0,0.55,1.1111111111111112,1039.388888888889,113.5,117.22222222222223,109.22222222222223,95.94444444444444,122.0
283,4.0,0.0,2.0,1004.55,213.5,281.0,129.0,105.25,297.25
284,28.0,0.5,1.2142857142857142,945.3928571428571,121.35714285714286,142.35714285714286,116.21428571428571,91.5,149.92857142857142
285,25.0,0.48,1.3846153846153846,942.7307692307693,119.84615384615384,160.30769230769232,119.84615384615384,68.6923076923077,208.76923076923077
286,10.0,0.4,1.5,891.0277777777777,120.0,171.16666666666666,107.0,67.33333333333333,191.33333333333334
287,18.0,0.3888888888888889,1.2727272727272727,925.7272727272727,109.81818181818181,150.54545454545453,109.81818181818181,89.9090909090909,221.72727272727272
288,4.0,0.25,2.3333333333333335,954.5333333333333,196.0,336.0,157.33333333333334,111.33333333333333,384.0
289,23.0,0.21739130434782608,1.8333333333333333,904.6481481481483,118.27777777777777,200.44444444444446,108.27777777777777,51.22222222222222,221.22222222222223
290,23.0,0.21739130434782608,1.8333333333333333,862.5416666666666,121.55555555555556,189.77777777777777,116.16666666666667,43.0,254.38888888888889
291,5.0,0.2,1.0,803.0,141.25,141.25,141.25,141.25,204.5
292,21.0,0.2857142857142857,2.3333333333333335,734.5255555555557,110.2,247.4,98.66666666666667,10.066666666666666,268.4
293,26.0,0.4230769230769231,1.2,733.6666666666666,109.13333333333334,137.73333333333332,109.13333333333334,80.73333333333333,145.8
294,4.0,0.0,2.75,772.75,127.25,342.5,127.25,16.5,398.5
295,18.0,0.2222222222222222,1.5714285714285714,766.4880952380953,121.14285714285714,165.35714285714286,104.92857142857143,57.42857142857143,181.07142857142858
296,22.0,0.3181818181818182,1.4666666666666666,1007.9666666666667,111.46666666666667,161.66666666666666,106.6,64.06666666666666,195.4
297,22.0,0.4090909090909091,2.8461538461538463,950.8663003663004,156.84615384615384,335.46153846153845,95.53846153846153,34.15384615384615,528.2307692307693
298,14.0,0.35714285714285715,1.5555555555555556,837.0925925925926,164.11111111111111,193.88888888888889,114.77777777777777,81.11111111111111,201.33333333333334
299,8.0,0.5,1.25,937.25,122.25,166.25,122.25,94.0,166.25
300,8.0,0.125,2.0,873.7619047619048,135.71428571428572,243.28571428571428,122.42857142857143,38.714285714285715,313.85714285714283
301,8.0,0.25,1.8333333333333333,837.1944444444443,95.5,242.83333333333334,95.5,28.666666666666668,242.83333333333334
302,24.0,0.7083333333333334,1.5714285714285714,880.8809523809523,183.42857142857142,194.57142857142858,133.71428571428572,88.28571428571429,237.28571428571428
303,25.0,0.8,1.4,1066.2,138.8,184.0,138.8,97.8,223.4
304,23.0,0.2608695652173913,1.7647058823529411,944.7205882352941,103.29411764705883,180.58823529411765,100.29411764705883,40.23529411764706,264.5882352941176
305,18.0,0.2777777777777778,1.6153846153846154,895.0512820512821,132.23076923076923,198.23076923076923,124.38461538461539,73.46153846153847,252.30769230769232
306,17.0,0.29411764705882354,1.75,815.7791666666667,121.58333333333333,190.58333333333334,112.58333333333333,75.58333333333333,214.5
307,16.0,0.25,1.8333333333333333,920.0,112.75,181.5,98.58333333333333,35.416666666666664,189.66666666666666
308,26.0,0.23076923076923078,1.4,894.0916666666666,109.95,152.35,107.0,68.25,177.9
309,15.0,0.4,2.111111111111111,904.4259259259259,154.22222222222223,252.77777777777777,110.88888888888889,14.88888888888889,252.77777777777777
310,20.0,0.35,1.3076923076923077,802.9871794871794,121.6923076923077,137.3846153846154,104.38461538461539,78.53846153846153,152.3846153846154
311,15.0,0.26666666666666666,1.4545454545454546,806.7727272727273,127.27272727272727,145.45454545454547,110.36363636363636,62.18181818181818,165.45454545454547
312,29.0,0.5517241379310345,1.8461538461538463,1042.7564102564104,143.92307692307693,229.84615384615384,119.3076923076923,55.38461538461539,229.84615384615384
313,15.0,0.4666666666666667,1.5,1219.3541666666665,135.0,184.375,119.375,78.875,220.625
314,12.0,0.4166666666666667,1.2857142857142858,1116.904761904762,126.57142857142857,166.42857142857142,115.42857142857143,97.42857142857143,166.42857142857142
315,25.0,0.4,1.7333333333333334,960.4079365079365,130.06666666666666,203.26666666666668,117.86666666666666,72.86666666666666,252.8
316,4.0,0.5,3.0,1011.125,418.5,537.0,122.5,0.0,537.0
317,18.0,0.4444444444444444,1.2,1065.65,137.0,143.9,130.5,98.8,165.0
318,11.0,0.6363636363636364,1.75,1111.125,201.75,201.75,126.5,31.0,232.75
319,23.0,0.391304347826087,1.5,957.3214285714287,111.14285714285714,152.64285714285714,101.85714285714286,67.5,160.21428571428572
320,17.0,0.5294117647058824,1.375,894.4375,148.625,157.0,132.0,92.5,191.25
321,17.0,0.4117647058823529,1.5,1005.4,117.8,175.4,117.8,64.6,229.4
322,13.0,0.3076923076923077,1.8888888888888888,908.5555555555555,105.77777777777777,187.88888888888889,98.11111111111111,50.666666666666664,208.33333333333334
323,15.0,0.3333333333333333,1.2,830.85,118.1,118.1,95.8,76.4,138.4
324,13.0,0.3076923076923077,1.6666666666666667,895.8981481481482,159.88888888888889,231.33333333333334,135.66666666666666,79.66666666666667,245.77777777777777
325,12.0,0.4166666666666667,1.7142857142857142,1020.0285714285714,140.42857142857142,227.14285714285714,140.42857142857142,105.28571428571429,280.85714285714283
326,14.0,0.21428571428571427,1.0,940.1818181818181,104.36363636363636,104.36363636363636,104.36363636363636,104.36363636363636,124.54545454545455
327,14.0,0.35714285714285715,1.8888888888888888,859.6388888888889,189.44444444444446,255.88888888888889,113.77777777777777,64.11111111111111,283.77777777777777
328,42.0,0.5476190476190477,1.5263157894736843,963.6701754385965,121.10526315789474,181.68421052631578,116.52631578947368,79.73684210526316,249.73684210526315
329,21.0,0.42857142857142855,1.5833333333333333,1021.9166666666666,119.5,179.91666666666666,103.0,56.583333333333336,219.58333333333334
330,7.0,0.14285714285714285,1.6666666666666667,1019.9166666666666,153.33333333333334,252.0,153.33333333333334,83.33333333333333,400.0
331,22.0,0.2727272727272727,1.5625,889.0729166666666,112.5625,198.4375,112.5625,67.4375,251.875
332,28.0,0.35714285714285715,1.2777777777777777,916.3611111111111,98.38888888888889,126.5,95.38888888888889,82.55555555555556,126.5
333,29.0,0.3448275862068966,1.368421052631579,783.8026315789474,124.78947368421052,168.73684210526315,120.36842105263158,73.15789473684211,221.94736842105263
334,23.0,0.43478260869565216,1.9230769230769231,786.5897435897435,121.0,214.76923076923077,110.76923076923077,51.53846153846154,220.92307692307693
335,5.0,0.4,3.6666666666666665,786.5500000000001,336.3333333333333,336.3333333333333,113.33333333333333,0.0,336.3333333333333
336,10.0,0.2,1.5,910.875,124.0,184.25,124.0,66.125,237.375
337,13.0,0.46153846153846156,1.2857142857142858,885.9285714285714,123.0,151.0,97.42857142857143,70.28571428571429,187.85714285714286
338,14.0,0.21428571428571427,2.1818181818181817,907.6818181818181,133.0909090909091,265.09090909090907,113.27272727272727,47.27272727272727,320.6363636363636
339,3.0,0.3333333333333333,3.0,932.75,171.5,409.5,108.0,0.0,409.5
340,26.0,0.3076923076923077,2.2777777777777777,907.7907407407407,145.55555555555554,286.05555555555554,129.33333333333334,51.611111111111114,380.44444444444446
341,4.0,0.25,2.3333333333333335,878.0833333333334,281.6666666666667,398.3333333333333,198.66666666666666,47.666666666666664,446.0
342,21.0,0.2857142857142857,1.5333333333333334,902.7555555555556,96.8,150.13333333333333,89.26666666666667,49.2,172.6
343,18.0,0.3333333333333333,1.4166666666666667,850.6527777777778,119.25,154.25,107.75,54.5,172.33333333333334
344,33.0,0.21212121212121213,1.8076923076923077,782.8301282051282,130.80769230769232,203.30769230769232,111.46153846153847,64.8076923076923,221.0
345,25.0,0.2,1.45,761.0833333333333,108.15,147.15,105.6,77.95,164.35
346,31.0,0.7096774193548387,1.5555555555555556,807.574074074074,102.66666666666667,160.55555555555554,94.44444444444444,59.44444444444444,261.3333333333333
347,27.0,0.4444444444444444,1.6,1015.9444444444445,133.4,200.86666666666667,125.73333333333333,98.66666666666667,259.6
348,12.0,0.25,1.7777777777777777,985.3425925925925,164.66666666666666,199.44444444444446,119.11111111111111,71.66666666666667,199.44444444444446
349,9.0,0.0,2.2222222222222223,884.3703703703703,117.0,307.44444444444446,117.0,50.0,331.3333333333333
350,7.0,0.42857142857142855,1.75,957.0625,185.75,270.25,185.75,149.5,389.75
351,18.0,0.2222222222222222,1.4285714285714286,857.7261904761905,120.0,169.0,110.5,70.21428571428571,179.35714285714286
352,13.0,0.07692307692307693,1.6666666666666667,762.0297619047619,163.41666666666666,231.16666666666666,152.91666666666666,120.41666666666667,255.91666666666666
353,4.0,0.0,2.5,843.9791666666666,128.0,293.0,101.75,16.5,442.75
354,12.0,0.3333333333333333,2.0,968.125,142.5,240.125,110.5,33.0,262.75
355,7.0,0.2857142857142857,2.0,910.65,160.6,261.2,123.4,56.2,317.4
356,27.0,0.3333333333333333,1.6111111111111112,812.7777777777778,112.05555555555556,180.33333333333334,112.05555555555556,57.166666666666664,198.38888888888889
357,25.0,0.84,1.25,882.875,156.5,173.0,156.5,129.0,302.0
358,14.0,0.42857142857142855,2.0,968.90625,200.125,288.625,147.0,61.375,427.875
359,16.0,0.375,1.2,892.05,135.6,171.8,135.6,110.6,186.5
360,15.0,0.13333333333333333,1.4615384615384615,834.2115384615385,149.07692307692307,181.23076923076923,128.07692307692307,81.84615384615384,224.3846153846154
361,40.0,0.5,1.3,934.825,135.05,156.7,110.05,71.55,156.7
362,13.0,0.15384615384615385,2.0,1030.3560606060607,201.0909090909091,251.63636363636363,134.54545454545453,39.45454545454545,251.63636363636363
363,10.0,0.5,1.6,937.4333333333332,108.2,149.2,94.4,62.8,279.6
364,26.0,0.3076923076923077,1.6111111111111112,863.5648148148149,107.38888888888889,176.77777777777777,107.38888888888889,41.5,311.0
365,14.0,0.21428571428571427,1.7272727272727273,1036.6272727272726,191.0909090909091,259.3636363636364,153.1818181818182,112.0909090909091,259.3636363636364
366,26.0,0.2692307692307692,1.4736842105263157,1026.780701754386,134.6315789473684,170.8421052631579,107.10526315789474,64.3157894736842,206.3684210526316
367,8.0,0.25,2.0,869.8055555555555,137.16666666666666,244.83333333333334,116.16666666666667,81.83333333333333,274.1666666666667
368,20.0,0.15,2.176470588235294,859.8509803921569,162.35294117647058,293.7647058823529,112.76470588235294,30.058823529411764,312.94117647058823
369,24.0,0.3333333333333333,1.125,867.9375,118.75,118.75,106.0,90.9375,118.75
370,18.0,0.7777777777777778,1.5,854.625,166.5,166.5,106.75,47.75,317.25
371,11.0,0.45454545454545453,1.8333333333333333,1045.9722222222222,145.16666666666666,248.0,145.16666666666666,34.833333333333336,624.0
372,12.0,0.25,2.4444444444444446,1004.7962962962962,169.33333333333334,312.0,117.22222222222223,32.333333333333336,312.0
373,20.0,0.35,2.4615384615384617,772.0769230769231,166.92307692307693,292.7692307692308,129.84615384615384,22.0,303.46153846153845
374,14.0,0.42857142857142855,1.375,860.5,146.5,216.75,121.875,82.375,237.75
375,12.0,0.9166666666666666,4.0,1316.25,611.0,611.0,183.0,0.0,611.0
376,23.0,0.5652173913043478,1.6,1198.9166666666667,136.0,201.5,127.6,75.1,249.8
377,15.0,0.3333333333333333,1.6,967.3333333333334,153.8,208.4,140.3,111.5,236.8
378,20.0,0.5,1.1,889.8,128.8,128.8,123.0,113.1,128.8
379,23.0,0.43478260869565216,1.5384615384615385,873.5641025641027,135.23076923076923,166.23076923076923,118.15384615384616,81.84615384615384,204.46153846153845
380,18.0,0.5,1.5555555555555556,998.3703703703704,106.88888888888889,173.44444444444446,96.0,43.77777777777778,194.88888888888889
381,35.0,0.34285714285714286,1.826086956521739,812.6521739130435,120.43478260869566,179.91304347826087,100.43478260869566,53.82608695652174,284.17391304347825
382,37.0,0.4864864864864865,2.0526315789473686,854.8771929824561,102.6842105263158,209.3684210526316,88.84210526315789,46.26315789473684,352.3157894736842
383,13.0,0.38461538461538464,1.375,812.1875,108.125,137.125,99.25,77.125,150.625
384,5.0,0.2,1.75,954.25,218.0,218.0,115.75,93.5,245.0
385,18.0,0.3333333333333333,1.5833333333333333,786.9722222222223,112.08333333333333,153.16666666666666,98.66666666666667,54.75,186.16666666666666
386,21.0,0.6190476190476191,1.625,722.8333333333333,118.25,149.625,98.875,58.5,285.0
387,32.0,0.375,1.4,910.2583333333334,124.15,156.75,115.2,82.25,237.0
388,18.0,0.3333333333333333,2.0,832.1597222222223,113.16666666666667,217.16666666666666,108.91666666666667,46.583333333333336,239.41666666666666
389,7.0,0.14285714285714285,1.1666666666666667,876.6666666666666,99.33333333333333,141.66666666666666,99.33333333333333,80.83333333333333,268.6666666666667
390,25.0,0.4,1.1333333333333333,774.9333333333333,119.06666666666666,155.93333333333334,119.06666666666666,103.26666666666667,155.93333333333334
391,18.0,0.4444444444444444,1.8,1022.65,136.3,196.4,106.0,39.6,213.5
392,10.0,0.6,2.0,1091.125,206.5,317.25,138.0,73.0,317.25
393,8.0,0.125,1.8571428571428572,947.25,165.28571428571428,314.7142857142857,165.28571428571428,56.0,412.14285714285717
394,15.0,0.4666666666666667,1.375,1215.5,123.625,153.125,123.625,91.75,162.25
395,12.0,0.4166666666666667,1.8571428571428572,1009.5904761904761,124.0,224.14285714285714,124.0,100.57142857142857,361.2857142857143
396,24.0,0.5833333333333334,1.7,1109.1333333333332,108.6,182.7,108.6,68.1,230.1
397,13.0,0.9230769230769231,2.0,1060.5,318.0,318.0,107.0,0.0,318.0
398,16.0,0.3125,2.272727272727273,1024.021212121212,153.54545454545453,274.1818181818182,116.72727272727273,32.27272727272727,465.72727272727275
399,9.0,0.3333333333333333,2.1666666666666665,908.6111111111112,194.16666666666666,246.66666666666666,147.33333333333334,60.0,323.1666666666667
